系組代碼,校名,系組名,採計及加權,錄取人數,錄取分數,加權滿分,達成率,錄取分數百分位,_school_n,_dept_n,學門,_match
0001,國立臺灣大學,中國文學系,國x1.50 英x1.25 歷x1.25 地x1.00,20,264.0,431.25,61.22,96.22,國立台灣大學,中國文,語文學門,exact
0002,國立臺灣大學,外國語文學系,英x2.00 國x1.25 歷x1.00 地x1.00 數乙x1.00,43,325.75,543.75,59.91,94.72,國立台灣大學,外國語文,語文學門,exact
0003,國立臺灣大學,歷史學系,歷x1.00 國x1.00 英x1.00 地x1.00 公x1.00,24,260.0,450.0,57.78,91.14,國立台灣大學,歷史,人文學門,exact
0004,國立臺灣大學,哲學系,國x1.00 英x1.00 歷x1.00 公x1.00,23,199.0,350.0,56.86,89.19,國立台灣大學,哲,人文學門,exact
0005,國立臺灣大學,人類學系,英x1.50 歷x1.00 國x1.00 地x1.00 公x1.00,22,285.5,487.5,58.56,92.38,國立台灣大學,人類,人文學門,exact
0006,國立臺灣大學,圖書資訊學系,國x1.25 英x1.25 數乙x1.00 公x1.00 歷x1.00,15,283.5,487.5,58.15,91.68,國立台灣大學,圖書資訊,新聞學及圖書資訊學門,exact
0007,國立臺灣大學,日本語文學系,英x1.50 國x1.50 歷x1.00 地x1.00 公x1.00,21,310.0,525.0,59.05,93.4,國立台灣大學,日本語文,語文學門,exact
0010,國立臺灣大學,戲劇學系(男),英x1.50 國x1.50 數Bx1.00 歷x1.00 地x1.00,9,278.0,500.0,55.6,85.5,國立台灣大學,戲劇,藝術學門,exact
0011,國立臺灣大學,戲劇學系(女),英x1.50 國x1.50 數Bx1.00 歷x1.00 地x1.00,10,291.5,500.0,58.3,92.16,國立台灣大學,戲劇,藝術學門,exact
0012,國立臺灣大學,數學系,數Ax1.50 數甲x1.50 物x1.00 化x1.00 英x1.00,15,306.5,537.5,57.02,89.67,國立台灣大學,數,數學及統計學門,exact
0013,國立臺灣大學,物理學系,物x1.50 數甲x1.50 英x1.00 化x1.00,15,280.0,475.0,58.95,93.2,國立台灣大學,物理,物理、化學及地球科學學門,exact
0014,國立臺灣大學,化學系,化x1.00 英x1.00 數甲x1.00 物x1.00 國x1.00,32,254.0,450.0,56.44,87.84,國立台灣大學,化,物理、化學及地球科學學門,exact
0015,國立臺灣大學,地質科學系,數甲x1.00 英x1.00 化x1.00 物x1.00 國x1.00,12,236.0,450.0,52.44,78.02,國立台灣大學,地質科,物理、化學及地球科學學門,exact
0016,國立臺灣大學,心理學系,數甲x1.00 英x1.00 國x1.00 生x1.00 化x1.00,36,253.0,450.0,56.22,87.44,國立台灣大學,心理,社會及行為科學學門,exact
0017,國立臺灣大學,地理環境資源學系A組,數甲x1.00 物x1.00 化x1.00,9,143.0,300.0,47.67,65.18,國立台灣大學,地理環境資源,社會及行為科學學門,exact
0020,國立臺灣大學,地理環境資源學系B組,地x1.25 公x1.00 數乙x1.00,8,181.5,325.0,55.85,86.17,國立台灣大學,地理環境資源,社會及行為科學學門,exact
0021,國立臺灣大學,大氣科學系,數甲x1.25 物x1.25 化x1.25 英x1.00 國x1.00,17,274.5,525.0,52.29,77.74,國立台灣大學,大氣科,物理、化學及地球科學學門,exact
0022,國立臺灣大學,政治學系政治理論組,英x1.25 國x1.25 社x1.00 歷x1.00 地x1.00,31,292.25,462.5,63.19,97.18,國立台灣大學,政治學系政治理論組,社會及行為科學學門,keyword
0023,國立臺灣大學,政治學系國際關係組,英x1.25 國x1.25 社x1.00 歷x1.00 地x1.00,22,301.75,462.5,65.24,97.57,國立台灣大學,政治學系國際關係組,社會及行為科學學門,keyword
0024,國立臺灣大學,政治學系公共行政組,英x1.25 國x1.25 社x1.00 歷x1.00 地x1.00,31,293.25,462.5,63.41,97.23,國立台灣大學,政治學系公共行政組,社會及行為科學學門,keyword
0025,國立臺灣大學,經濟學系A組,數甲x2.00 英x1.50 物x1.00,23,228.0,412.5,55.27,84.65,國立台灣大學,經濟,社會及行為科學學門,exact
0026,國立臺灣大學,經濟學系B組,數乙x2.00 英x1.50 公x1.00 地x1.00 歷x1.00,8,360.0,612.5,58.78,92.89,國立台灣大學,經濟,社會及行為科學學門,exact
0027,國立臺灣大學,社會學系,英x1.00 數Bx1.00 公x1.00 地x1.00 歷x1.00,23,254.0,450.0,56.44,87.84,國立台灣大學,社會,社會及行為科學學門,exact
0030,國立臺灣大學,社會工作學系,英x1.25 國x1.25 數Bx1.00 公x1.00 歷x1.00,33,263.5,462.5,56.97,89.62,國立台灣大學,社會工作,社會福利學門,exact
0031,國立臺灣大學,醫學系(自費),生x1.00 化x1.00 數甲x1.00 物x1.00 英x1.00,48,288.0,475.0,60.63,95.65,國立台灣大學,醫,醫藥衛生學門,loose
0032,國立臺灣大學,醫學系(公費),生x1.00 化x1.00 數甲x1.00 物x1.00 英x1.00,5,266.0,475.0,56.0,86.51,國立台灣大學,醫,醫藥衛生學門,loose
0033,國立臺灣大學,牙醫學系,生x1.00 化x1.00 數甲x1.00 物x1.00 英x1.00,17,285.0,475.0,60.0,94.89,國立台灣大學,牙醫,醫藥衛生學門,exact
0034,國立臺灣大學,藥學系,數甲x1.00 物x1.00 化x2.00 生x2.00 英x1.00,17,373.0,675.0,55.26,84.57,國立台灣大學,藥,醫藥衛生學門,exact
0035,國立臺灣大學,醫學檢驗暨生物技術學系,化x1.00 生x1.00 英x1.00 數甲x1.00 國x1.00,16,255.0,450.0,56.67,88.57,國立台灣大學,醫學檢驗暨生物技術,醫藥衛生學門,exact
0036,國立臺灣大學,護理學系,英x1.00 生x1.00 化x1.00 數甲x1.00 國x1.00,16,240.0,450.0,53.33,80.5,國立台灣大學,護理,醫藥衛生學門,exact
0037,國立臺灣大學,物理治療學系,生x1.00 英x1.00 數甲x1.00 物x1.00 化x1.00,17,257.0,475.0,54.11,82.22,國立台灣大學,物理治療,醫藥衛生學門,loose
0040,國立臺灣大學,職能治療學系,英x1.50 國x1.25 生x1.00 數甲x1.00,19,246.0,406.25,60.55,95.54,國立台灣大學,職能治療,醫藥衛生學門,exact
0041,國立臺灣大學,土木工程學系,數甲x1.00 物x1.00 英x1.00 國x1.00 化x1.00,45,243.0,450.0,54.0,81.91,國立台灣大學,土木工程,建築及營建工程學門,exact
0042,國立臺灣大學,機械工程學系,物x1.00 數甲x1.00 化x1.00 英x1.00 國x1.00,44,259.0,450.0,57.56,90.77,國立台灣大學,機械工程,工程及工程業學門,exact
0043,國立臺灣大學,化學工程學系,數甲x1.25 物x1.25 化x1.25 英x1.00,38,247.5,450.0,55.0,83.92,國立台灣大學,化學工程,工程及工程業學門,exact
0044,國立臺灣大學,工程科學及海洋工程學系,數甲x2.00 物x2.00 英x1.00 化x1.00,14,312.0,575.0,54.26,82.59,國立台灣大學,工程科學及海洋工程,工程及工程業學門,exact
0045,國立臺灣大學,材料科學與工程學系,數甲x1.00 物x1.00 化x1.00 英x1.00 數Ax1.00,16,268.0,450.0,59.56,94.1,國立台灣大學,材料科學與工程,工程及工程業學門,exact
0046,國立臺灣大學,醫學工程學系,數甲x1.00 物x1.00 化x1.00 英x1.00 國x1.00,15,256.0,450.0,56.89,89.33,國立台灣大學,醫學工程,醫藥衛生學門,keyword
0047,國立臺灣大學,農藝學系,生x1.25 化x1.25 英x1.00 數Ax1.00 國x1.00,15,256.75,475.0,54.05,82.05,國立台灣大學,農藝,農業學門,exact
0050,國立臺灣大學,生物環境系統工程學系,數甲x1.00 物x1.00 化x1.00 英x1.00 國x1.00,19,242.0,450.0,53.78,81.52,國立台灣大學,生物環境系統工程,建築及營建工程學門,exact
0051,國立臺灣大學,農業化學系,化x1.50 生x1.50 英x1.00 數Ax1.00 物x1.00,14,296.5,550.0,53.91,81.77,國立台灣大學,農業化,農業學門,exact
0052,國立臺灣大學,森林環境暨資源學系,生x2.00 數甲x1.00 化x1.50 物x1.50,21,266.0,600.0,44.33,57.34,國立台灣大學,森林環境暨資源,林業學門,exact
0053,國立臺灣大學,動物科學技術學系,生x1.00 化x1.00 英x1.00 數甲x1.00,17,192.0,375.0,51.2,74.63,國立台灣大學,動物科學技術,農業學門,exact
0054,國立臺灣大學,農業經濟學系,數甲x2.00 英x2.00 自x1.00,18,241.0,425.0,56.71,88.71,國立台灣大學,農業經濟,農業學門,exact
0055,國立臺灣大學,園藝暨景觀學系,英x1.00 生x1.50 國x1.00 化x1.00 數Ax1.00,26,251.5,475.0,52.95,79.54,國立台灣大學,園藝暨景觀,農業學門,exact
0056,國立臺灣大學,獸醫學系,英x1.00 生x1.00 化x1.00 國x1.00 數甲x1.00,27,262.0,450.0,58.22,91.93,國立台灣大學,獸醫,獸醫學門,exact
0057,國立臺灣大學,生物產業傳播暨發展學系,英x1.50 國x1.50 數Ax1.50 地x1.00 歷x1.00,22,303.5,537.5,56.47,87.95,國立台灣大學,生物產業傳播暨發展,農業學門,exact
0060,國立臺灣大學,生物機電工程學系,數甲x1.00 物x1.00 化x1.00 英x1.00 國x1.00,18,253.0,450.0,56.22,87.44,國立台灣大學,生物機電工程,工程及工程業學門,loose
0061,國立臺灣大學,昆蟲學系,生x2.00 化x1.50 英x1.00 數甲x1.00 物x1.00,12,285.5,625.0,45.68,60.75,國立台灣大學,昆蟲,生命科學學門,exact
0062,國立臺灣大學,植物病理與微生物學系,生x1.00 化x1.00 數甲x1.00 英x1.00 國x1.00,23,240.0,450.0,53.33,80.5,國立台灣大學,植物病理與微生物,農業學門,exact
0063,國立臺灣大學,工商管理學系企業管理組,數乙x1.00 英x1.00 國x1.00 地x1.00 歷x1.00,24,275.0,450.0,61.11,95.99,國立台灣大學,工商管理學系企業管理組,商業及管理學門,keyword
0064,國立臺灣大學,工商管理學系科技管理組,數甲x1.00 英x1.00 國x1.00 物x1.00 化x1.00,19,251.0,450.0,55.78,85.95,國立台灣大學,工商管理學系科技管理組,商業及管理學門,keyword
0065,國立臺灣大學,會計學系A組,數乙x1.50 英x1.50 國x1.00,12,225.5,337.5,66.81,97.86,國立台灣大學,會計,商業及管理學門,exact
0066,國立臺灣大學,會計學系B組,英x1.50 國x1.25 數乙x1.25 公x1.00 地x1.00,46,325.0,531.25,61.18,96.11,國立台灣大學,會計,商業及管理學門,exact
0067,國立臺灣大學,財務金融學系,國x1.00 英x1.50 數乙x2.00,46,258.0,387.5,66.58,97.74,國立台灣大學,財務金融,商業及管理學門,exact
0070,國立臺灣大學,國際企業學系A組,英x2.00 數甲x1.00 公x1.00,9,213.0,350.0,60.86,95.82,國立台灣大學,國際企業,商業及管理學門,exact
0071,國立臺灣大學,國際企業學系B組,英x2.00 數乙x1.00 地x1.00 歷x1.00 公x1.00,23,335.0,550.0,60.91,95.88,國立台灣大學,國際企業,商業及管理學門,exact
0072,國立臺灣大學,資訊管理學系,數甲x1.50 英x1.00 物x1.00 化x1.00,17,240.5,425.0,56.59,88.37,國立台灣大學,資訊管理,資訊通訊科技學門,exact
0073,國立臺灣大學,公共衛生學系A組,數甲x1.25 英x1.25 化x1.00 生x1.00 物x1.00,11,267.0,518.75,51.47,75.4,國立台灣大學,公共衛生,醫藥衛生學門,exact
0074,國立臺灣大學,公共衛生學系B組,數Ax1.25 英x1.25 公x1.25 國x1.00,6,232.0,387.5,59.87,94.58,國立台灣大學,公共衛生,醫藥衛生學門,exact
0075,國立臺灣大學,電機工程學系,數甲x1.00 物x1.00 化x1.00 英x1.00,47,229.0,375.0,61.07,95.94,國立台灣大學,電機工程,工程及工程業學門,exact
0076,國立臺灣大學,資訊工程學系,數甲x1.25 物x1.00 化x1.00 英x1.00,34,240.5,400.0,60.12,95.09,國立台灣大學,資訊工程,資訊通訊科技學門,exact
0077,國立臺灣大學,法律學系法學組,英x1.00 國x1.00 數乙x1.00 公x1.25 歷x1.00,30,287.0,475.0,60.42,95.32,國立台灣大學,法律學系法學組,法律學門,keyword
0100,國立臺灣大學,法律學系司法組,英x1.00 國x1.00 數乙x1.00 公x1.25 歷x1.00,24,290.5,475.0,61.16,96.05,國立台灣大學,法律學系司法組,法律學門,keyword
0101,國立臺灣大學,法律學系財經法學組,英x1.00 國x1.00 數乙x1.00 公x1.25 歷x1.00,27,297.0,475.0,62.53,96.95,國立台灣大學,法律學系財經法學組,法律學門,keyword
0102,國立臺灣大學,生命科學系,生x1.00 英x1.00 化x1.00 數甲x1.00 物x1.00,15,246.0,475.0,51.79,76.24,國立台灣大學,生命科,生命科學學門,exact
0103,國立臺灣大學,生化科技學系,化x1.00 數甲x1.00 物x1.00 生x1.00 英x1.00,15,247.0,475.0,52.0,76.61,國立台灣大學,生化科技,生命科學學門,exact
0104,國立臺灣大學,國際體育運動事務學士學位學程,英x2.00 國x1.25 數Bx1.00 公x1.00,2,264.0,418.75,63.04,97.12,國立台灣大學,國際體育運動事務學士,,unmapped
0105,國立臺灣師範大學,教育學系,英x1.50 國x1.50 歷x1.00 地x1.00 數Bx1.00,30,268.5,500.0,53.7,81.32,國立台灣師範大學,教育,教育學門,exact
0106,國立臺灣師範大學,教育心理與輔導學系,英x1.25 數Bx1.25 國x1.00 公x1.00 歷x1.00,7,279.5,462.5,60.43,95.37,國立台灣師範大學,教育心理與輔導,社會及行為科學學門,exact
0107,國立臺灣師範大學,社會教育學系,公x1.50 國x1.50 英x1.50 歷x1.00 地x1.00,24,296.0,575.0,51.48,75.45,國立台灣師範大學,社會教育,教育學門,exact
0110,國立臺灣師範大學,健康促進與衛生教育學系,英x1.50 生x1.50 數甲x1.00 國x1.00,8,218.5,437.5,49.94,70.63,國立台灣師範大學,健康促進與衛生教育,教育學門,exact
0111,國立臺灣師範大學,幼兒與家庭科學學系家庭生活與教育組,英x2.00 數Bx2.00 國x1.75 公x1.00,8,287.25,531.25,54.07,82.11,國立台灣師範大學,幼兒與家庭科學學系家庭生活與教育組,教育學門,keyword
0112,國立臺灣師範大學,幼兒與家庭科學學系幼兒發展與教育組,英x2.00 國x2.00 數Bx1.75 公x1.00,7,291.0,531.25,54.78,83.61,國立台灣師範大學,幼兒與家庭科學學系幼兒發展與教育組,教育學門,keyword
0113,國立臺灣師範大學,公民教育與活動領導學系,公x2.00 國x1.25 英x1.25 數Bx1.00,37,245.25,462.5,53.03,79.83,國立台灣師範大學,公民教育與活動領導,教育學門,exact
0114,國立臺灣師範大學,特殊教育學系,國x1.25 英x1.25 公x1.00,19,160.0,287.5,55.65,85.72,國立台灣師範大學,特殊教育,教育學門,exact
0115,國立臺灣師範大學,學習科學學士學位學程,數甲x2.00 國x1.50 英x1.50,4,223.5,425.0,52.59,78.5,國立台灣師範大學,學習科學學士,,unmapped
0116,國立臺灣師範大學,教育學院學士班,英x1.50 國x1.00 公x1.00,6,164.0,287.5,57.04,89.73,國立台灣師範大學,教育學院學士班,教育學門,keyword
0117,國立臺灣師範大學,國文學系,國x2.00 英x1.50 歷x1.00 地x1.00,40,256.5,462.5,55.46,84.99,國立台灣師範大學,國文,語文學門,exact
0120,國立臺灣師範大學,英語學系,英x2.00 國x1.50 數Bx1.00 歷x1.00 地x1.00,22,297.5,537.5,55.35,84.82,國立台灣師範大學,英語,語文學門,exact
0121,國立臺灣師範大學,歷史學系,歷x1.50 國x1.25 英x1.25 地x1.00 數Bx1.00,35,260.5,512.5,50.83,73.87,國立台灣師範大學,歷史,人文學門,exact
0122,國立臺灣師範大學,地理學系,地x1.50 英x1.25 歷x1.00 數Bx1.00 國x1.00,23,259.75,493.75,52.61,78.61,國立台灣師範大學,地理,社會及行為科學學門,exact
0123,國立臺灣師範大學,臺灣語文學系,英x1.50 公x1.50 國x1.00 歷x1.50 地x1.00,10,298.5,587.5,50.81,73.81,國立台灣師範大學,臺灣語文,語文學門,exact
0124,國立臺灣師範大學,數學系,數甲x2.00 英x1.00 物x1.00,37,165.0,375.0,44.0,56.01,國立台灣師範大學,數,數學及統計學門,exact
0125,國立臺灣師範大學,物理學系,物x1.50 數甲x1.25 英x1.00,10,177.5,350.0,50.71,73.36,國立台灣師範大學,物理,物理、化學及地球科學學門,exact
0126,國立臺灣師範大學,物理學系國際組,物x1.50 數甲x1.25 英x1.25,6,185.5,368.75,50.31,72.21,國立台灣師範大學,物理學系國際組,物理、化學及地球科學學門,keyword
0127,國立臺灣師範大學,化學系,化x1.75 物x1.50 數甲x1.25 英x1.00,35,245.0,525.0,46.67,62.92,國立台灣師範大學,化,物理、化學及地球科學學門,exact
0130,國立臺灣師範大學,生命科學系,生x1.50 化x1.25 英x1.25 數Ax1.00 國x1.00,31,264.5,518.75,50.99,74.1,國立台灣師範大學,生命科,生命科學學門,exact
0131,國立臺灣師範大學,地球科學系,數甲x2.00 物x2.00 化x1.50 英x1.00,8,272.0,625.0,43.52,54.4,國立台灣師範大學,地球科,物理、化學及地球科學學門,exact
0132,國立臺灣師範大學,資訊工程學系,數甲x1.50 英x1.50 物x1.00 國x1.00 化x1.00,17,280.0,537.5,52.09,76.78,國立台灣師範大學,資訊工程,工程及工程業學門,exact
0133,國立臺灣師範大學,營養科學學士學位學程,化x1.50 生x1.50 英x1.50 數Ax1.00 國x1.00,17,279.5,562.5,49.69,70.26,國立台灣師範大學,營養科學學士,,unmapped
0134,國立臺灣師範大學,科技應用與人力資源發展學系,數甲x1.25 英x1.25 物x1.00 化x1.00 國x1.00,13,230.25,493.75,46.63,62.81,國立台灣師範大學,科技應用與人力資源發展,教育學門,exact
0135,國立臺灣師範大學,圖文傳播學系,英x1.25 國x1.25 數甲x1.00 物x1.00 化x1.00,10,231.25,487.5,47.44,64.5,國立台灣師範大學,圖文傳播,新聞學及圖書資訊學門,exact
0136,國立臺灣師範大學,機電工程學系,數甲x2.00 物x2.00 英x1.50 化x1.00 國x1.00,16,333.5,687.5,48.51,66.99,國立台灣師範大學,機電工程,工程及工程業學門,exact
0137,國立臺灣師範大學,電機工程學系,數甲x1.00 物x1.00 英x1.00 化x1.00 國x1.00,9,242.0,450.0,53.78,81.52,國立台灣師範大學,電機工程,工程及工程業學門,exact
0140,國立臺灣師範大學,車輛與能源工程學士學位學程,數甲x1.50 物x1.50 英x1.00 國x1.00,4,217.5,450.0,48.33,66.82,國立台灣師範大學,車輛與能源工程學士,工程及工程業學門,keyword
0141,國立臺灣師範大學,光電工程學士學位學程,物x2.00 數甲x2.00 化x1.50 英x1.00 國x1.00,17,339.0,700.0,48.43,66.93,國立台灣師範大學,光電工程學士,工程及工程業學門,keyword
0142,國立臺灣師範大學,華語文教學系應用華語文學組,英x2.00 國x2.00 歷x1.00,12,237.0,400.0,59.25,93.68,國立台灣師範大學,華語文教學系應用華語文學組,語文學門,keyword
0143,國立臺灣師範大學,東亞學系,英x2.00 國x1.50 數Bx1.00 公x1.00 歷x1.00,12,282.0,537.5,52.47,78.13,國立台灣師範大學,東亞,社會及行為科學學門,exact
0144,國立臺灣師範大學,企業管理學系,英x2.00 數乙x1.50 國x1.00,21,220.0,375.0,58.67,92.58,國立台灣師範大學,企業管理,商業及管理學門,exact
0145,國立臺灣師範大學,設計學系產品設計組,英x2.00 國x2.00 數乙x1.75,9,272.25,475.0,57.32,90.29,國立台灣師範大學,設計學系產品設計組,藝術學門,keyword
0146,國立臺灣師範大學,音樂學系,術x2.00 英x1.00 國x1.00 歷x1.00,4,297.64,250.0,119.06,99.89,國立台灣師範大學,音樂,藝術學門,exact
0147,國立臺灣師範大學,表演藝術學士學位學程,國x1.75 歷x1.50 英x1.25,1,222.5,375.0,59.33,93.79,國立台灣師範大學,表演藝術學士,藝術學門,keyword
0150,國立臺灣師範大學,設計學系視覺設計組,術x2.00 英x1.75 國x1.75 歷x1.00,5,348.7,362.5,96.19,99.44,國立台灣師範大學,設計學系視覺設計組,藝術學門,keyword
0151,國立臺灣師範大學,美術學系繪畫組,術x1.50 國x1.00 英x1.00 歷x1.00,4,249.83,250.0,99.93,99.55,國立台灣師範大學,美術學系繪畫組,藝術學門,keyword
0152,國立臺灣師範大學,美術學系水墨畫組,術x1.50 國x1.00 英x1.00 歷x1.00,5,236.33,250.0,94.53,99.38,國立台灣師範大學,美術學系水墨畫組,藝術學門,keyword
0153,國立臺灣師範大學,體育與運動科學系,英x2.00 生x1.50 國x1.50 數Bx1.00,5,262.5,487.5,53.85,81.6,國立台灣師範大學,體育與運動科,教育學門,loose
0154,國立中興大學,中國文學系,國x2.00 英x1.50 歷x1.25,33,208.0,387.5,53.68,81.21,國立中興大學,中國文,語文學門,exact
0155,國立中興大學,外國語文學系,英x2.00 國x1.00 歷x1.00,24,189.0,325.0,58.15,91.68,國立中興大學,外國語文,語文學門,exact
0156,國立中興大學,歷史學系,歷x1.50 國x1.00 英x1.00 地x1.00,24,205.0,400.0,51.25,74.83,國立中興大學,歷史,人文學門,exact
0157,國立中興大學,台灣人文創新學士學位學程,國x2.00 歷x1.50 英x1.00 地x1.50,4,278.0,525.0,52.95,79.54,國立中興大學,台灣人文創新學士,,unmapped
0160,國立中興大學,財務金融學系,英x2.00 數乙x2.00 國x1.00,32,247.0,425.0,58.12,91.53,國立中興大學,財務金融,商業及管理學門,exact
0161,國立中興大學,企業管理學系,英x2.00 數乙x2.00 國x1.00 公x1.00,24,277.0,525.0,52.76,78.95,國立中興大學,企業管理,商業及管理學門,exact
0162,國立中興大學,資訊管理學系,數甲x2.00 英x2.00 國x1.00,19,225.0,425.0,52.94,79.46,國立中興大學,資訊管理,資訊通訊科技學門,exact
0163,國立中興大學,會計學系,數Ax2.00 英x2.00 國x1.00 公x1.00,10,254.0,475.0,53.47,80.78,國立中興大學,會計,商業及管理學門,exact
0164,國立中興大學,行銷學系,數乙x2.00 英x2.00 國x1.00,20,236.0,425.0,55.53,85.21,國立中興大學,行銷,商業及管理學門,exact
0165,國立中興大學,應用經濟學系,英x2.00 數甲x1.50 國x1.00,31,196.0,375.0,52.27,77.62,國立中興大學,應用經濟,社會及行為科學學門,exact
0166,國立中興大學,法律學系,國x1.50 英x1.00 數Bx1.00 公x1.50 歷x1.00,24,287.5,512.5,56.1,86.94,國立中興大學,法律,法律學門,exact
0167,國立中興大學,化學系,化x2.00 數甲x2.00 英x1.50 物x1.00 國x1.00,25,331.0,687.5,48.15,66.51,國立中興大學,化,物理、化學及地球科學學門,exact
0170,國立中興大學,物理學系一般物理組,物x1.50 數甲x1.50 英x1.50 化x1.00 國x1.00,14,291.0,587.5,49.53,70.03,國立中興大學,物理學系一般物理組,物理、化學及地球科學學門,keyword
0171,國立中興大學,物理學系光電物理組,物x1.50 數甲x1.50 英x1.50 化x1.00 國x1.00,8,296.5,587.5,50.47,72.55,國立中興大學,物理學系光電物理組,工程及工程業學門,keyword
0172,國立中興大學,應用數學系應用數學組,數甲x2.00 英x1.50 物x1.50 國x1.00 化x1.00,15,291.5,637.5,45.73,60.89,國立中興大學,應用數學系應用數學組,數學及統計學門,keyword
0173,國立中興大學,應用數學系數據科學與計算組,數甲x2.00 英x1.50 物x1.50 國x1.00 化x1.00,15,294.5,637.5,46.2,62.08,國立中興大學,應用數學系數據科學與計算組,數學及統計學門,keyword
0174,國立中興大學,機械工程學系甲組,數甲x2.00 物x2.00 英x1.50 化x1.00 國x1.00,45,329.0,687.5,47.85,65.63,國立中興大學,機械工程學系甲組,工程及工程業學門,keyword
0175,國立中興大學,機械工程學系乙組,數Ax2.00 物x2.00 英x1.50 化x1.00 國x1.00,5,348.0,637.5,54.59,83.35,國立中興大學,機械工程學系乙組,工程及工程業學門,keyword
0176,國立中興大學,土木工程學系,數甲x2.00 物x2.00 英x1.50 國x1.00,45,270.5,587.5,46.04,61.63,國立中興大學,土木工程,建築及營建工程學門,exact
0177,國立中興大學,環境工程學系,化x1.50 數甲x1.50 物x1.50 英x1.00 國x1.00,13,275.0,600.0,45.83,61.23,國立中興大學,環境工程,工程及工程業學門,exact
0200,國立中興大學,化學工程學系,物x1.00 化x1.00 數甲x1.00 英x1.00 國x1.00,31,228.0,450.0,50.67,73.17,國立中興大學,化學工程,工程及工程業學門,exact
0201,國立中興大學,材料科學與工程學系,物x1.00 化x1.00 英x1.00 數甲x1.00 國x1.00,24,235.0,450.0,52.22,77.34,國立中興大學,材料科學與工程,工程及工程業學門,exact
0202,國立中興大學,智慧創意工程學士學位學程,數甲x1.50 英x1.00 物x1.00 國x1.00 化x1.00,4,243.0,500.0,48.6,67.16,國立中興大學,智慧創意工程學士,,unmapped
0203,國立中興大學,電機工程學系甲組,數甲x1.00 物x1.00 英x1.00 化x1.00 國x1.00,3,257.0,450.0,57.11,90.12,國立中興大學,電機工程學系甲組,工程及工程業學門,keyword
0204,國立中興大學,電機工程學系乙組,數甲x1.00 物x1.00 英x1.25 化x1.00 國x1.00,14,263.0,468.75,56.11,87.05,國立中興大學,電機工程學系乙組,工程及工程業學門,keyword
0205,國立中興大學,資訊工程學系,數甲x1.00 物x1.00 英x1.00 化x1.00,17,195.0,375.0,52.0,76.61,國立中興大學,資訊工程,資訊通訊科技學門,loose
0206,國立中興大學,電機資訊學院學士班,數甲x1.00 物x1.00 英x1.00 化x1.00 國x1.00,11,244.0,450.0,54.22,82.39,國立中興大學,電機資訊學院學士班,工程及工程業學門,loose
0207,國立中興大學,生物產業機電工程學系,數甲x1.00 物x1.00 化x1.00 英x1.00 國x1.00,27,214.0,450.0,47.56,65.01,國立中興大學,生物產業機電工程,工程及工程業學門,exact
0210,國立中興大學,水土保持學系,數甲x2.00 物x2.00 英x1.50 國x1.00,39,257.0,587.5,43.74,55.14,國立中興大學,水土保持,環境學門,exact
0211,國立中興大學,食品暨應用生物科技學系,英x1.50 化x1.50 生x1.50 國x1.00,18,239.0,487.5,49.03,68.57,國立中興大學,食品暨應用生物科技,製造及加工學門,exact
0212,國立中興大學,農藝學系,英x1.50 生x1.50 化x1.50 國x1.00,21,218.0,487.5,44.72,58.55,國立中興大學,農藝,農業學門,exact
0213,國立中興大學,園藝學系,生x2.00 化x1.50 英x1.50 數Bx1.00 國x1.00,17,276.5,612.5,45.14,59.68,國立中興大學,園藝,農業學門,exact
0214,國立中興大學,森林學系林學組,英x1.50 生x1.50 化x1.00 物x1.00 數Bx1.00,10,224.0,537.5,41.67,50.34,國立中興大學,森林學系林學組,林業學門,keyword
0215,國立中興大學,森林學系木材科學組,英x1.50 化x1.50 物x1.25 生x1.00 數Bx1.00,9,224.75,562.5,39.96,45.49,國立中興大學,森林學系木材科學組,林業學門,keyword
0216,國立中興大學,植物病理學系,生x1.50 化x1.50 英x1.50 國x1.00 數Ax1.00,28,264.0,562.5,46.93,63.6,國立中興大學,植物病理,農業學門,exact
0217,國立中興大學,昆蟲學系,生x1.50 化x1.50 英x1.50 國x1.00,20,219.0,487.5,44.92,58.94,國立中興大學,昆蟲,生命科學學門,exact
0220,國立中興大學,動物科學系,生x1.50 化x1.50 英x1.50 數Ax1.00 國x1.00,17,282.0,562.5,50.13,71.59,國立中興大學,動物科,農業學門,exact
0221,國立中興大學,土壤環境科學系,英x2.00 化x2.00 生x2.00 物x1.00,20,259.0,650.0,39.85,45.37,國立中興大學,土壤環境科,農業學門,exact
0222,國立中興大學,生物科技學士學位學程,英x1.50 化x1.50 生x1.50 國x1.00,8,249.0,487.5,51.08,74.29,國立中興大學,生物科技學士,生命科學學門,exact
0223,國立中興大學,景觀與遊憩學士學位學程,英x1.50 國x1.00 物x1.00,5,151.5,287.5,52.7,78.75,國立中興大學,景觀與遊憩學士,建築及營建工程學門,exact
0224,國立中興大學,國際農企業學士學位學程,英x2.00 生x1.50 國x1.00,7,188.0,375.0,50.13,71.59,國立中興大學,國際農企業學士,農業學門,exact
0225,國立中興大學,生命科學系,生x1.75 化x1.75 英x1.00,28,200.5,425.0,47.18,64.0,國立中興大學,生命科,生命科學學門,exact
0226,國立中興大學,獸醫學系,英x1.50 化x1.25 生x1.50,29,226.5,387.5,58.45,92.21,國立中興大學,獸醫,獸醫學門,exact
0227,國立成功大學,中國文學系,國x1.50 英x1.00 歷x1.00,37,162.0,287.5,56.35,87.75,國立成功大學,中國文,語文學門,exact
0230,國立成功大學,外國語文學系,英x2.00 國x1.50 歷x1.00 地x1.00 數Bx1.00,39,295.0,537.5,54.88,83.8,國立成功大學,外國語文,語文學門,exact
0231,國立成功大學,歷史學系,歷x1.50 國x1.25 地x1.25 英x1.00 數Bx1.00,34,267.75,518.75,51.61,75.9,國立成功大學,歷史,人文學門,exact
0232,國立成功大學,台灣文學系,國x1.50 英x1.50 歷x1.00 數Bx1.00 地x1.00,25,253.5,500.0,50.7,73.31,國立成功大學,台灣文,語文學門,exact
0233,國立成功大學,數學系,數甲x2.00 物x1.50 英x1.50 化x1.00,23,275.0,562.5,48.89,68.31,國立成功大學,數,數學及統計學門,exact
0234,國立成功大學,物理學系,物x1.00 數甲x1.00 英x1.00 化x1.00,21,200.0,375.0,53.33,80.5,國立成功大學,物理,物理、化學及地球科學學門,exact
0235,國立成功大學,化學系,化x1.50 物x1.25 數甲x1.25 英x1.00 國x1.00,31,286.5,550.0,52.09,76.78,國立成功大學,化,物理、化學及地球科學學門,exact
0236,國立成功大學,地球科學系,數甲x1.00 物x1.00 化x1.00 英x1.00 國x1.00,16,221.0,450.0,49.11,68.88,國立成功大學,地球科,物理、化學及地球科學學門,exact
0237,國立成功大學,光電科學與工程學系,物x1.00 數甲x1.00 英x1.00 化x1.00 國x1.00,35,245.0,450.0,54.44,83.04,國立成功大學,光電科學與工程,工程及工程業學門,exact
0240,國立成功大學,機械工程學系,數甲x2.00 物x2.00 英x1.00,67,241.0,475.0,50.74,73.48,國立成功大學,機械工程,工程及工程業學門,exact
0241,國立成功大學,機械工程學系(普渡雙聯組),數甲x1.00 物x1.00 英x1.00,1,158.0,275.0,57.45,90.58,國立成功大學,機械工程學系,工程及工程業學門,keyword
0242,國立成功大學,化學工程學系,數甲x1.25 化x1.25 物x1.25 英x1.00 國x1.00,88,276.5,525.0,52.67,78.67,國立成功大學,化學工程,工程及工程業學門,exact
0243,國立成功大學,材料科學及工程學系,物x1.50 化x1.50 數甲x1.00,45,202.0,400.0,50.5,72.69,國立成功大學,材料科學及工程,工程及工程業學門,exact
0244,國立成功大學,資源工程學系,數甲x1.00 物x1.00 英x1.00 化x1.00 國x1.00,28,228.0,450.0,50.67,73.17,國立成功大學,資源工程,製造及加工學門,exact
0245,國立成功大學,土木工程學系,數Ax1.00 物x1.00 英x1.00 國x1.00,65,183.0,325.0,56.31,87.64,國立成功大學,土木工程,建築及營建工程學門,exact
0246,國立成功大學,水利及海洋工程學系,數甲x1.75 物x1.50 英x1.25 國x1.00,29,245.25,493.75,49.67,70.2,國立成功大學,水利及海洋工程,工程及工程業學門,exact
0247,國立成功大學,工程科學系,數甲x1.00 物x1.00 英x1.00 化x1.00 國x1.00,21,248.0,450.0,55.11,84.23,國立成功大學,工程科,工程及工程業學門,exact
0250,國立成功大學,系統及船舶機電工程學系,數甲x1.00 物x1.00 英x1.00 化x1.00 國x1.00,23,235.0,450.0,52.22,77.34,國立成功大學,系統及船舶機電工程,工程及工程業學門,exact
0251,國立成功大學,航空太空工程學系,數甲x1.00 物x1.00 英x1.00 國x1.00,32,193.0,350.0,55.14,84.31,國立成功大學,航空太空工程,工程及工程業學門,exact
0252,國立成功大學,環境工程學系,數甲x1.00 物x1.00 化x1.00 英x1.00 國x1.00,33,224.0,450.0,49.78,70.4,國立成功大學,環境工程,工程及工程業學門,exact
0253,國立成功大學,測量及空間資訊學系,數甲x2.00 物x2.00 英x2.00 國x1.00,26,313.0,625.0,50.08,71.22,國立成功大學,測量及空間資訊,建築及營建工程學門,exact
0254,國立成功大學,生物醫學工程學系,數甲x1.00 物x1.00 英x1.00 化x1.00 國x1.00,23,239.0,450.0,53.11,79.97,國立成功大學,生物醫學工程,工程及工程業學門,exact
0255,國立成功大學,工業與資訊管理學系,數Ax1.00 數甲x1.00 英x1.00 物x1.00 化x1.00,23,231.0,450.0,51.33,74.97,國立成功大學,工業與資訊管理,商業及管理學門,exact
0256,國立成功大學,交通管理科學系,數甲x1.25 英x1.25 國x1.00 物x1.00,31,199.75,393.75,50.73,73.42,國立成功大學,交通管理科,運輸服務學門,exact
0257,國立成功大學,統計學系,數甲x1.50 英x1.50 國x1.00,27,189.5,337.5,56.15,87.13,國立成功大學,統計,數學及統計學門,exact
0260,國立成功大學,會計學系,英x2.00 數乙x2.00 國x1.00,26,256.0,425.0,60.24,95.15,國立成功大學,會計,商業及管理學門,exact
0261,國立成功大學,企業管理學系,英x2.00 數乙x2.00 國x1.00 公x1.00,33,297.0,525.0,56.57,88.32,國立成功大學,企業管理,商業及管理學門,exact
0262,國立成功大學,醫學系(自費),數甲x1.00 生x1.00 化x1.00 物x1.00 英x1.00,22,279.0,475.0,58.74,92.78,國立成功大學,醫,醫藥衛生學門,exact
0263,國立成功大學,醫學系(公費),數甲x1.00 生x1.00 物x1.00 化x1.00 英x1.00,9,265.0,475.0,55.79,86.09,國立成功大學,醫,醫藥衛生學門,exact
0264,國立成功大學,牙醫學系,數甲x1.00 英x1.00 生x1.00 化x1.00 物x1.00,12,274.0,475.0,57.68,90.94,國立成功大學,牙醫,醫藥衛生學門,loose
0265,國立成功大學,醫學檢驗生物技術學系,英x1.25 化x1.25 生x1.25 數甲x1.00 國x1.00,25,272.75,518.75,52.58,78.44,國立成功大學,醫學檢驗生物技術,醫藥衛生學門,exact
0266,國立成功大學,護理學系,生x1.50 英x1.50 化x1.00 國x1.00,22,238.0,437.5,54.4,82.93,國立成功大學,護理,醫藥衛生學門,exact
0267,國立成功大學,物理治療學系,英x1.25 生x1.00 數甲x1.00 物x1.00 國x1.00,24,260.0,468.75,55.47,85.07,國立成功大學,物理治療,醫藥衛生學門,exact
0270,國立成功大學,職能治療學系,英x1.00 生x1.00 數Ax1.00 國x1.00,12,200.0,325.0,61.54,96.39,國立成功大學,職能治療,醫藥衛生學門,exact
0271,國立成功大學,藥學系,化x1.25 生x1.00 國x1.00 英x1.00 數甲x1.00,13,276.5,475.0,58.21,91.82,國立成功大學,藥,醫藥衛生學門,loose
0272,國立成功大學,政治學系,英x1.25 國x1.25 公x1.00 歷x1.00,38,214.0,387.5,55.23,84.42,國立成功大學,政治,社會及行為科學學門,exact
0273,國立成功大學,經濟學系,數乙x2.00 英x2.00 國x1.50,33,280.5,462.5,60.65,95.71,國立成功大學,經濟,社會及行為科學學門,exact
0274,國立成功大學,法律學系,公x1.50 國x1.50 英x1.00 歷x1.00 數Bx1.00,40,295.0,512.5,57.56,90.77,國立成功大學,法律,法律學門,exact
0275,國立成功大學,心理學系,英x1.50 數甲x1.50 生x1.00 化x1.00 國x1.00,42,280.5,537.5,52.19,77.17,國立成功大學,心理,社會及行為科學學門,exact
0276,國立成功大學,電機工程學系,數甲x1.00 物x1.00 英x1.00 化x1.00,46,214.0,375.0,57.07,89.95,國立成功大學,電機工程,工程及工程業學門,exact
0277,國立成功大學,電機工程學系(普渡雙聯組),數甲x1.00 物x1.00 英x1.00 化x1.00,1,225.0,375.0,60.0,94.89,國立成功大學,電機工程學系,工程及工程業學門,keyword
0300,國立成功大學,資訊工程學系,數甲x1.00 物x1.00 英x1.00 化x1.00 國x1.00,58,257.0,450.0,57.11,90.12,國立成功大學,資訊工程,資訊通訊科技學門,exact
0301,國立成功大學,資訊工程學系(普渡雙聯組),數甲x1.00 英x1.00 物x1.00 化x1.00 國x1.00,1,264.0,450.0,58.67,92.58,國立成功大學,資訊工程學系,資訊通訊科技學門,keyword
0302,國立成功大學,建築學系,數甲x1.25 物x1.25 英x1.00 化x1.00,17,211.25,425.0,49.71,70.32,國立成功大學,建築,建築及營建工程學門,exact
0303,國立成功大學,都市計劃學系(自然組),數Ax1.50 英x1.50 國x1.50 物x1.00 化x1.00,13,291.0,537.5,54.14,82.28,國立成功大學,都市計劃學系,建築及營建工程學門,keyword
0304,國立成功大學,都市計劃學系(社會組),數Ax1.50 英x1.50 國x1.50 地x1.00 歷x1.00,8,291.5,537.5,54.23,82.45,國立成功大學,都市計劃學系,建築及營建工程學門,keyword
0305,國立成功大學,工業設計學系,英x1.50 物x1.50 數甲x1.00 國x1.00 化x1.00,21,272.0,537.5,50.6,73.0,國立成功大學,工業設計,藝術學門,exact
0306,國立成功大學,生命科學系,生x1.50 化x1.50 英x1.25 數甲x1.00 物x1.00,28,278.0,593.75,46.82,63.52,國立成功大學,生命科,生命科學學門,exact
0307,國立成功大學,生物科技與產業科學系,生x1.50 化x1.50 英x1.50 物x1.00,12,257.0,512.5,50.15,71.78,國立成功大學,生物科技與產業科,生命科學學門,keyword
0310,國立成功大學,全校不分系學士學位學程,數甲x1.00 英x1.00 國x1.00,5,156.0,250.0,62.4,96.9,國立成功大學,全校不分系學士,,unmapped
0311,東吳大學,中國文學系,國x2.00 英x1.00 歷x1.00,98,116.0,325.0,35.69,33.52,東吳大學,中國文,語文學門,exact
0312,東吳大學,歷史學系,歷x2.00 國x1.00 社x1.00,20,172.0,350.0,49.14,69.05,東吳大學,歷史,人文學門,exact
0313,東吳大學,哲學系,英x2.00 國x2.00 公x1.00,25,145.0,400.0,36.25,34.99,東吳大學,哲,人文學門,exact
0314,東吳大學,政治學系,公x2.00 國x1.50 英x1.50,57,188.0,425.0,44.24,56.88,東吳大學,政治,社會及行為科學學門,exact
0315,東吳大學,社會學系,公x1.50 英x1.50 數Bx1.00 國x1.50,56,163.5,450.0,36.33,35.21,東吳大學,社會,社會及行為科學學門,exact
0316,東吳大學,社會工作學系,國x1.50 英x1.00 公x2.00,48,143.5,387.5,37.03,37.5,東吳大學,社會工作,社會福利學門,exact
0317,東吳大學,音樂學系-鋼琴.聲樂.弦樂.理論作曲,術x2.00 國x1.00 英x1.00 歷x1.00,15,194.26,250.0,77.7,98.31,東吳大學,音樂學系-鋼琴.聲樂.弦樂.理論作曲,藝術學門,keyword
0320,東吳大學,音樂學系-銅管樂.木管樂.擊樂,術x2.00 國x1.00 英x1.00 歷x1.00,9,214.26,250.0,85.7,98.7,東吳大學,音樂學系-銅管樂.木管樂.擊樂,藝術學門,keyword
0321,東吳大學,英文學系,英x2.00 國x1.50 歷x1.00,93,144.0,362.5,39.72,44.98,東吳大學,英文,語文學門,exact
0322,東吳大學,日本語文學系,英x1.50 國x1.50 歷x1.00 地x1.00,50,192.5,425.0,45.29,59.99,東吳大學,日本語文,語文學門,exact
0323,東吳大學,德國文化學系A組,英x2.00 國x1.50 歷x1.50,18,167.0,412.5,40.48,46.95,東吳大學,德國文化,語文學門,exact
0324,東吳大學,德國文化學系B組,英x2.00 國x1.50 數乙x1.50,4,162.5,412.5,39.39,44.13,東吳大學,德國文化,語文學門,exact
0325,東吳大學,數學系,數甲x2.00 英x1.50 國x1.50,20,151.5,425.0,35.65,33.38,東吳大學,數,數學及統計學門,exact
0326,東吳大學,物理學系,物x2.00 數甲x1.50 英x1.00,14,136.0,425.0,32.0,22.71,東吳大學,物理,物理、化學及地球科學學門,exact
0327,東吳大學,化學系,化x2.00 數甲x1.50 英x1.00,18,130.0,425.0,30.59,19.47,東吳大學,化,物理、化學及地球科學學門,exact
0330,東吳大學,微生物學系,英x1.25 化x1.00 國x1.00,30,104.5,268.75,38.88,42.95,東吳大學,微生物,生命科學學門,exact
0331,東吳大學,心理學系,數甲x1.50 英x2.00 國x1.00,11,178.0,375.0,47.47,64.59,東吳大學,心理,社會及行為科學學門,exact
0332,東吳大學,法律學系,英x2.00 國x2.00 公x1.50 歷x1.00,75,312.5,550.0,56.82,89.05,東吳大學,法律,法律學門,exact
0333,東吳大學,經濟學系,數乙x2.00 英x1.50 國x1.00,72,159.0,387.5,41.03,48.45,東吳大學,經濟,社會及行為科學學門,exact
0334,東吳大學,會計學系,英x1.00 數乙x1.25 國x1.00,92,134.0,275.0,48.73,67.75,東吳大學,會計,商業及管理學門,exact
0335,東吳大學,企業管理學系,公x2.00 英x1.00 數Bx1.00 國x1.00,74,181.0,425.0,42.59,52.17,東吳大學,企業管理,商業及管理學門,exact
0336,東吳大學,國際經營與貿易學系,英x2.00 國x1.00 數乙x1.00,61,150.0,325.0,46.15,61.91,東吳大學,國際經營與貿易,商業及管理學門,exact
0337,東吳大學,財務工程與精算數學系,數乙x2.00 英x2.00 國x1.50,76,187.5,462.5,40.54,47.01,東吳大學,財務工程與精算數,商業及管理學門,exact
0340,東吳大學,資訊管理學系,數乙x1.25 英x1.25 國x1.00,31,126.5,293.75,43.06,53.39,東吳大學,資訊管理,資訊通訊科技學門,exact
0341,東吳大學,資料科學系,數乙x1.50 公x1.00 國x1.00,29,127.0,325.0,39.08,43.59,東吳大學,資料科,資訊通訊科技學門,keyword
0342,國立政治大學,中國文學系,國x1.50 英x1.25 歷x1.00 地x1.00,35,229.75,406.25,56.55,88.26,國立政治大學,中國文,語文學門,exact
0343,國立政治大學,歷史學系,國x1.00 英x1.00 歷x1.50 社x1.00 地x1.00,20,281.5,475.0,59.26,93.74,國立政治大學,歷史,人文學門,exact
0344,國立政治大學,哲學系,國x1.25 英x1.25 公x1.25 歷x1.00 數Bx1.00,26,259.0,487.5,53.13,80.02,國立政治大學,哲,人文學門,exact
0345,國立政治大學,教育學系,英x2.00 公x2.00 國x1.00 社x1.00 數Bx1.00,30,325.0,575.0,56.52,88.15,國立政治大學,教育,教育學門,exact
0346,國立政治大學,政治學系,公x2.00 國x1.75 英x1.75 歷x1.00,17,332.5,562.5,59.11,93.57,國立政治大學,政治,社會及行為科學學門,exact
0347,國立政治大學,社會學系,英x2.00 公x2.00 國x1.00,29,247.0,425.0,58.12,91.53,國立政治大學,社會,社會及行為科學學門,exact
0350,國立政治大學,財政學系,數乙x1.50 英x1.50 國x1.00,36,206.5,337.5,61.19,96.16,國立政治大學,財政,商業及管理學門,exact
0351,國立政治大學,公共行政學系,英x2.00 公x2.00 國x1.00,26,254.0,425.0,59.76,94.3,國立政治大學,公共行政,商業及管理學門,exact
0352,國立政治大學,地政學系土地資源規劃組,國x1.50 英x1.50 數乙x1.50 地x1.00 公x1.00,20,325.5,575.0,56.61,88.43,國立政治大學,地政學系土地資源規劃組,,unmapped
0353,國立政治大學,地政學系土地管理組,國x1.50 英x1.50 數乙x1.50 地x1.00 公x1.00,19,329.5,575.0,57.3,90.24,國立政治大學,地政學系土地管理組,商業及管理學門,keyword
0354,國立政治大學,地政學系土地測量與資訊組,國x1.25 英x1.50 數甲x2.00 物x1.00 化x1.00,14,287.5,606.25,47.42,64.39,國立政治大學,地政學系土地測量與資訊組,資訊通訊科技學門,keyword
0355,國立政治大學,經濟學系(A組),數乙x2.00 英x1.50 社x1.00,16,240.0,387.5,61.94,96.67,國立政治大學,經濟,社會及行為科學學門,exact
0356,國立政治大學,經濟學系(B組),數乙x2.00 英x1.50 自x1.00,16,235.5,387.5,60.77,95.77,國立政治大學,經濟,社會及行為科學學門,exact
0357,國立政治大學,民族學系,公x1.50 國x1.00 英x1.00 歷x1.25 地x1.25,18,282.75,550.0,51.41,75.23,國立政治大學,民族,人文學門,exact
0360,國立政治大學,外交學系,英x1.75 國x1.50 歷x1.00 地x1.00 公x1.00,33,323.5,543.75,59.49,93.96,國立政治大學,外交,社會及行為科學學門,exact
0361,國立政治大學,國際經營與貿易學系,英x2.00 數乙x2.00 國x1.50,35,289.5,462.5,62.59,97.01,國立政治大學,國際經營與貿易,商業及管理學門,exact
0362,國立政治大學,金融學系(A組),數乙x2.00 英x2.00 國x1.00,19,273.0,425.0,64.24,97.46,國立政治大學,金融,商業及管理學門,exact
0363,國立政治大學,金融學系(B組),數甲x2.00 英x1.50 國x1.00,17,220.5,387.5,56.9,89.42,國立政治大學,金融,商業及管理學門,exact
0364,國立政治大學,會計學系,英x2.00 數乙x2.00 國x1.50 公x1.00,58,334.0,562.5,59.38,93.91,國立政治大學,會計,商業及管理學門,exact
0365,國立政治大學,統計學系(A組),數乙x2.00 英x1.50 國x1.50 歷x1.00 地x1.00,15,363.0,625.0,58.08,91.34,國立政治大學,統計,數學及統計學門,exact
0366,國立政治大學,統計學系(B組),數甲x2.00 英x1.50 國x1.50 物x1.00 化x1.00,7,321.5,625.0,51.44,75.31,國立政治大學,統計,數學及統計學門,exact
0367,國立政治大學,企業管理學系,數乙x2.00 英x1.00 國x1.00,44,211.0,350.0,60.29,95.2,國立政治大學,企業管理,商業及管理學門,exact
0370,國立政治大學,資訊管理學系(A組),數乙x2.00 英x2.00 國x1.00,20,263.0,425.0,61.88,96.61,國立政治大學,資訊管理,資訊通訊科技學門,exact
0371,國立政治大學,資訊管理學系(B組),數甲x2.00 英x2.00 國x1.00,20,238.0,425.0,56.0,86.51,國立政治大學,資訊管理,資訊通訊科技學門,exact
0372,國立政治大學,財務管理學系,數乙x2.00 英x1.50 國x1.00,29,248.5,387.5,64.13,97.4,國立政治大學,財務管理,商業及管理學門,exact
0373,國立政治大學,風險管理與保險學系,英x1.50 數乙x1.50 國x1.00,28,207.5,337.5,61.48,96.33,國立政治大學,風險管理與保險,商業及管理學門,exact
0374,國立政治大學,傳播學院大一大二不分系(社會組),國x1.50 英x1.50 歷x1.00 數乙x1.00 公x1.00,68,287.0,525.0,54.67,83.49,國立政治大學,傳播學院大一大二不分系,社會及行為科學學門,keyword
0375,國立政治大學,傳播學院大一大二不分系(自然組),數Ax1.50 英x1.50 國x1.00 物x1.00,7,227.5,400.0,56.88,89.28,國立政治大學,傳播學院大一大二不分系,新聞學及圖書資訊學門,keyword
0376,國立政治大學,英國語文學系,英x2.00 國x1.50 歷x1.00 地x1.00 數Bx1.00,37,308.5,537.5,57.4,90.46,國立政治大學,英國語文,語文學門,exact
0377,國立政治大學,阿拉伯語文學系,英x1.50 國x1.50 歷x1.25 地x1.00,25,249.25,450.0,55.39,84.93,國立政治大學,阿拉伯語文,語文學門,exact
0400,國立政治大學,斯拉夫語文學系,英x1.50 國x1.50 歷x1.00 地x1.00,23,238.0,425.0,56.0,86.51,國立政治大學,斯拉夫語文,語文學門,exact
0401,國立政治大學,日本語文學系,國x1.50 英x1.50 歷x1.00 公x1.00,10,253.0,425.0,59.53,94.02,國立政治大學,日本語文,語文學門,exact
0402,國立政治大學,韓國語文學系,國x1.50 英x1.50 歷x1.00 地x1.00 數Bx1.00,14,281.5,500.0,56.3,87.58,國立政治大學,韓國語文,語文學門,exact
0403,國立政治大學,土耳其語文學系,英x2.00 國x2.00 歷x1.50 地x1.00,14,308.0,550.0,56.0,86.51,國立政治大學,土耳其語文,語文學門,exact
0404,國立政治大學,歐洲語文學系法文組,英x1.50 國x1.50 歷x1.00 地x1.00 數Bx1.00,8,280.5,500.0,56.1,86.94,國立政治大學,歐洲語文學系法文組,語文學門,keyword
0405,國立政治大學,歐洲語文學系德文組,英x1.50 國x1.50 歷x1.00 地x1.00 數Bx1.00,12,282.5,500.0,56.5,88.09,國立政治大學,歐洲語文學系德文組,語文學門,keyword
0406,國立政治大學,歐洲語文學系西班牙文組,英x1.50 國x1.50 歷x1.00 地x1.00 數Bx1.00,8,284.5,500.0,56.9,89.42,國立政治大學,歐洲語文學系西班牙文組,語文學門,keyword
0407,國立政治大學,東南亞語文學系越文組,英x1.50 國x1.50 歷x1.00 公x1.00 地x1.00,9,284.0,525.0,54.1,82.17,國立政治大學,東南亞語文學系越文組,語文學門,keyword
0410,國立政治大學,東南亞語文學系泰文組,英x1.50 國x1.50 歷x1.00 公x1.00 地x1.00,10,282.0,525.0,53.71,81.41,國立政治大學,東南亞語文學系泰文組,語文學門,keyword
0411,國立政治大學,東南亞語文學系印尼文組,英x1.50 國x1.50 歷x1.00 公x1.00 地x1.00,9,279.5,525.0,53.24,80.22,國立政治大學,東南亞語文學系印尼文組,語文學門,keyword
0412,國立政治大學,法律學系,英x2.00 公x1.00 國x1.00 歷x1.00 數Bx1.00,84,310.0,500.0,62.0,96.73,國立政治大學,法律,法律學門,exact
0413,國立政治大學,應用數學系,數甲x2.00 英x1.00 物x1.00 化x1.00,24,214.0,475.0,45.05,59.48,國立政治大學,應用數,數學及統計學門,exact
0414,國立政治大學,心理學系,英x1.50 數甲x1.50 國x1.00 生x1.00,30,237.0,437.5,54.17,82.34,國立政治大學,心理,社會及行為科學學門,exact
0415,國立政治大學,資訊科學系,數甲x1.25 物x1.00 化x1.00 英x1.25 國x1.00,21,254.75,493.75,51.59,75.79,國立政治大學,資訊科,資訊通訊科技學門,exact
0416,國立政治大學,創新國際學院學士班,英x2.00 數Bx1.50 公x1.50 國x1.00,9,294.0,487.5,60.31,95.26,國立政治大學,創新國際學院學士班,,unmapped
0417,高雄醫學大學,醫學系(自費),生x1.00 英x1.00 化x1.00 物x1.00 數甲x1.00,41,271.0,475.0,57.05,89.84,高雄醫學大學,醫,醫藥衛生學門,loose
0420,高雄醫學大學,醫學系(公費),生x1.00 英x1.00 化x1.00 物x1.00 數甲x1.00,2,264.0,475.0,55.58,85.33,高雄醫學大學,醫,醫藥衛生學門,loose
0421,高雄醫學大學,運動醫學系,英x1.50 生x1.50 物x1.00,16,158.0,362.5,43.59,54.54,高雄醫學大學,運動醫,醫藥衛生學門,exact
0422,高雄醫學大學,呼吸治療學系,英x1.50 生x1.25 化x1.25,18,164.25,362.5,45.31,60.1,高雄醫學大學,呼吸治療,醫藥衛生學門,exact
0423,高雄醫學大學,牙醫學系,英x1.00 生x1.00 化x1.00 物x1.00 數甲x1.00,23,271.0,475.0,57.05,89.84,高雄醫學大學,牙醫,醫藥衛生學門,exact
0424,高雄醫學大學,口腔衛生學系,生x1.50 國x1.50 英x1.00 數Ax1.00,24,189.0,412.5,45.82,61.17,高雄醫學大學,口腔衛生,醫藥衛生學門,exact
0425,高雄醫學大學,藥學系,英x1.00 化x1.25 生x1.25 國x1.00 物x1.00,34,291.25,500.0,58.25,92.04,高雄醫學大學,藥,醫藥衛生學門,exact
0426,高雄醫學大學,香粧品學系,化x1.00 生x1.00 英x1.00 國x1.00,16,148.0,350.0,42.29,51.78,高雄醫學大學,香粧品,醫藥衛生學門,exact
0427,高雄醫學大學,護理學系,生x2.00 英x1.00 國x1.00 數Bx1.00,25,188.0,425.0,44.24,56.88,高雄醫學大學,護理,醫藥衛生學門,exact
0430,高雄醫學大學,公共衛生學系,數甲x2.00 化x2.00 生x1.75 國x1.00 英x1.00,19,255.0,725.0,35.17,31.43,高雄醫學大學,公共衛生,醫藥衛生學門,exact
0431,高雄醫學大學,醫學檢驗生物技術學系,化x1.00 生x1.00 英x1.00 國x1.00,25,184.0,350.0,52.57,78.33,高雄醫學大學,醫學檢驗生物技術,醫藥衛生學門,exact
0432,高雄醫學大學,醫學影像暨放射科學系,物x1.50 化x1.25 生x1.25 數甲x1.00 英x1.00,22,221.5,575.0,38.52,41.68,高雄醫學大學,醫學影像暨放射科,醫藥衛生學門,exact
0433,高雄醫學大學,職能治療學系,英x2.00 國x1.50 生x1.50,21,246.0,412.5,59.64,94.24,高雄醫學大學,職能治療,醫藥衛生學門,exact
0434,高雄醫學大學,物理治療學系,英x2.00 數甲x1.50 生x1.50 物x1.00 國x1.00,15,330.0,625.0,52.8,79.2,高雄醫學大學,物理治療,醫藥衛生學門,exact
0435,高雄醫學大學,醫務管理暨醫療資訊學系,物x1.50 英x2.00 國x1.50,29,173.5,412.5,42.06,51.52,高雄醫學大學,醫務管理暨醫療資訊,商業及管理學門,exact
0436,高雄醫學大學,醫藥暨應用化學系應用化學組,化x1.50 數甲x1.50 英x1.50 物x1.00,25,198.5,512.5,38.73,42.33,高雄醫學大學,醫藥暨應用化學系應用化學組,物理、化學及地球科學學門,keyword
0437,高雄醫學大學,醫藥暨應用化學系醫藥化學組,化x1.50 數甲x1.50 英x1.50 生x1.00,20,205.5,512.5,40.1,45.88,高雄醫學大學,醫藥暨應用化學系醫藥化學組,物理、化學及地球科學學門,keyword
0440,高雄醫學大學,生物醫學暨環境生物學系,生x1.50 英x1.50 國x1.00 化x1.25 數甲x1.00,12,230.25,562.5,40.93,48.14,高雄醫學大學,生物醫學暨環境生物,生命科學學門,exact
0441,高雄醫學大學,生物科技學系,生x1.50 英x1.25 化x1.25 國x1.00,24,197.75,443.75,44.56,57.84,高雄醫學大學,生物科技,生命科學學門,exact
0442,高雄醫學大學,生命科學院學士班,英x1.00 化x1.00 生x1.00,9,115.0,275.0,41.82,50.71,高雄醫學大學,生命科學院學士班,生命科學學門,loose
0443,高雄醫學大學,心理學系,英x2.00 生x1.00 國x1.00,20,191.0,325.0,58.77,92.83,高雄醫學大學,心理,社會及行為科學學門,exact
0444,高雄醫學大學,醫學社會學與社會工作學系,國x2.00 英x2.00 公x1.00 歷x1.00,18,220.0,500.0,44.0,56.01,高雄醫學大學,醫學社會學與社會工作,社會福利學門,exact
0445,中原大學,應用數學系,數甲x2.00 國x1.25 英x1.00,14,143.75,368.75,38.98,43.17,中原大學,應用數,數學及統計學門,exact
0446,中原大學,物理學系物理組,物x2.00 數甲x1.50 英x1.00,7,168.0,425.0,39.53,44.53,中原大學,物理學系物理組,物理、化學及地球科學學門,keyword
0447,中原大學,物理學系光電與材料科學組,物x2.00 數甲x1.50 英x1.00,7,171.5,425.0,40.35,46.7,中原大學,物理學系光電與材料科學組,工程及工程業學門,keyword
0450,中原大學,化學系化學組,化x2.00 數甲x1.00 英x1.00 物x1.00,8,182.0,475.0,38.32,40.8,中原大學,化學系化學組,物理、化學及地球科學學門,keyword
0451,中原大學,化學系材料化學組,化x2.00 英x1.00 數甲x1.00 物x1.00,8,189.0,475.0,39.79,45.26,中原大學,化學系材料化學組,工程及工程業學門,keyword
0452,中原大學,心理學系,英x2.00 數甲x2.00 國x1.50,17,203.5,462.5,44.0,56.01,中原大學,心理,社會及行為科學學門,exact
0453,中原大學,生物科技學系,生x2.00 化x1.50 英x1.50,14,170.0,462.5,36.76,36.31,中原大學,生物科技,生命科學學門,exact
0454,中原大學,化學工程學系綠能製程組,物x1.00 數甲x1.00 英x1.00 化x1.00 國x1.00,7,188.0,450.0,41.78,50.59,中原大學,化學工程學系綠能製程組,工程及工程業學門,keyword
0455,中原大學,化學工程學系生化工程組,物x1.00 數甲x1.00 英x1.00 化x1.00 國x1.00,7,194.0,450.0,43.11,53.67,中原大學,化學工程學系生化工程組,工程及工程業學門,keyword
0456,中原大學,化學工程學系材料工程組,物x1.00 數甲x1.00 英x1.00 化x1.00 國x1.00,11,198.0,450.0,44.0,56.01,中原大學,化學工程學系材料工程組,工程及工程業學門,keyword
0457,中原大學,土木工程學系,國x2.00 物x2.00 數Ax1.50,25,194.0,462.5,41.95,51.13,中原大學,土木工程,建築及營建工程學門,exact
0460,中原大學,機械工程學系,數甲x1.00 物x1.00 國x2.00,24,155.0,350.0,44.29,57.22,中原大學,機械工程,工程及工程業學門,exact
0461,中原大學,生物醫學工程學系,國x2.00 數甲x1.00 物x1.00 化x1.00,15,183.0,450.0,40.67,47.46,中原大學,生物醫學工程,工程及工程業學門,exact
0462,中原大學,環境工程學系,化x2.00 國x2.00 英x1.00,11,194.0,425.0,45.65,60.52,中原大學,環境工程,工程及工程業學門,exact
0463,中原大學,電機資訊學院學士班,數甲x1.00 英x2.00 國x2.00,6,221.0,400.0,55.25,84.48,中原大學,電機資訊學院學士班,工程及工程業學門,exact
0464,中原大學,工業與系統工程學系工程組,數甲x1.00 英x1.00 國x1.00,12,111.0,250.0,44.4,57.45,中原大學,工業與系統工程學系工程組,,unmapped
0465,中原大學,工業與系統工程學系管理組,英x2.00 國x2.00 數乙x1.00,5,201.0,400.0,50.25,72.07,中原大學,工業與系統工程學系管理組,商業及管理學門,keyword
0466,中原大學,電子工程學系,物x1.00 數甲x1.00 英x1.00 國x1.00,23,162.0,350.0,46.29,62.25,中原大學,電子工程,工程及工程業學門,exact
0467,中原大學,資訊工程學系,數甲x1.00 英x2.00 國x2.00,11,222.0,400.0,55.5,85.16,中原大學,資訊工程,工程及工程業學門,exact
0470,中原大學,電機工程學系,數甲x1.00 英x1.00 物x1.00 國x1.00,22,167.0,350.0,47.71,65.35,中原大學,電機工程,工程及工程業學門,exact
0471,中原大學,電機資訊學院智慧運算與大數據學士班,數甲x1.00 英x1.00 國x1.00,6,123.0,250.0,49.2,69.3,中原大學,電機資訊學院智慧運算與大數據學士班,資訊通訊科技學門,keyword
0472,中原大學,企業管理學系服務業管理組,國x2.00 歷x2.00 英x1.00,5,188.0,425.0,44.24,56.88,中原大學,企業管理學系服務業管理組,商業及管理學門,keyword
0473,中原大學,企業管理學系高科技業管理組,國x2.00 歷x2.00 英x1.00,7,201.0,425.0,47.29,64.22,中原大學,企業管理學系高科技業管理組,商業及管理學門,keyword
0474,中原大學,企業管理學系工商管理組,國x2.00 公x2.00 英x1.00,14,188.0,425.0,44.24,56.88,中原大學,企業管理學系工商管理組,商業及管理學門,keyword
0475,中原大學,國際經營與貿易學系,英x2.00 國x1.75 公x1.00 數乙x1.00,40,189.75,481.25,39.43,44.19,中原大學,國際經營與貿易,商業及管理學門,exact
0476,中原大學,會計學系,國x1.50 公x1.25 歷x1.50 數乙x1.00,25,201.5,487.5,41.33,49.35,中原大學,會計,商業及管理學門,exact
0477,中原大學,資訊管理學系,國x1.50 英x1.50 公x1.00,14,162.0,325.0,49.85,70.54,中原大學,資訊管理,資訊通訊科技學門,exact
0500,中原大學,財務金融學系,英x2.00 數Bx2.00 國x1.75 公x1.00,19,239.75,531.25,45.13,59.59,中原大學,財務金融,商業及管理學門,exact
0501,中原大學,財經法律學系財貿法組,英x1.50 國x1.50 公x1.50 歷x1.00,20,225.5,475.0,47.47,64.59,中原大學,財經法律學系財貿法組,法律學門,keyword
0502,中原大學,財經法律學系科技法組,英x1.50 國x1.50 公x1.50 歷x1.00,21,223.5,475.0,47.05,63.71,中原大學,財經法律學系科技法組,法律學門,keyword
0503,中原大學,建築學系,數甲x1.75 英x2.00 國x2.00,15,217.0,475.0,45.68,60.75,中原大學,建築,建築及營建工程學門,exact
0504,中原大學,室內設計學系,國x2.00 歷x2.00 地x1.50 英x1.00,16,256.0,575.0,44.52,57.73,中原大學,室內設計,藝術學門,exact
0505,中原大學,商業設計學系商業設計組,國x2.00 英x2.00 歷x1.50 地x1.00,22,221.0,550.0,40.18,46.19,中原大學,商業設計學系商業設計組,藝術學門,keyword
0506,中原大學,商業設計學系產品設計組甲類,術x2.00 英x1.50 公x1.00,3,196.5,212.5,92.47,99.15,中原大學,商業設計學系產品設計組甲類,藝術學門,keyword
0507,中原大學,商業設計學系產品設計組乙類,物x2.00 英x1.50 國x1.00,2,186.0,387.5,48.0,66.06,中原大學,商業設計學系產品設計組乙類,藝術學門,keyword
0510,中原大學,地景建築學系,地x2.00 歷x2.00 公x1.00,10,218.0,500.0,43.6,54.71,中原大學,地景建築,建築及營建工程學門,keyword
0511,中原大學,特殊教育學系,國x1.50 英x1.50 公x1.00,13,119.5,325.0,36.77,36.4,中原大學,特殊教育,教育學門,exact
0512,中原大學,應用外國語文學系,英x2.00 國x1.50 歷x1.00,38,138.5,362.5,38.21,40.43,中原大學,應用外國語文,語文學門,exact
0513,中原大學,應用華語文學系,國x2.00 英x1.75 歷x1.25,28,148.25,406.25,36.49,35.55,中原大學,應用華語文,語文學門,exact
0514,東海大學,中國文學系,國x2.00 歷x1.00 公x1.00,35,134.0,350.0,38.29,40.63,東海大學,中國文,語文學門,exact
0515,東海大學,外國語文學系,英x2.00 國x1.00 歷x1.00,41,119.0,325.0,36.62,35.95,東海大學,外國語文,語文學門,exact
0516,東海大學,歷史學系,歷x2.00 社x2.00 國x1.00,14,213.0,425.0,50.12,71.47,東海大學,歷史,人文學門,exact
0517,東海大學,日本語言文化學系,英x1.50 國x1.50 公x1.75,33,146.5,400.0,36.62,35.95,東海大學,日本語言文化,語文學門,exact
0520,東海大學,哲學系,公x1.50 歷x1.50 國x1.00,14,142.0,375.0,37.87,39.9,東海大學,哲,人文學門,exact
0521,東海大學,應用物理學系,數甲x1.00 英x1.00 國x1.00,11,102.0,250.0,40.8,47.88,東海大學,應用物理,物理、化學及地球科學學門,exact
0522,東海大學,化學系化學組,化x2.00 英x1.00 國x1.00,9,156.0,350.0,44.57,57.9,東海大學,化學系化學組,物理、化學及地球科學學門,keyword
0523,東海大學,化學系化學生物組,化x2.00 英x1.00 自x1.00,10,143.0,350.0,40.86,48.02,東海大學,化學系化學生物組,物理、化學及地球科學學門,keyword
0524,東海大學,生命科學系生物醫學組,生x2.00 英x2.00 化x1.50,19,176.0,500.0,35.2,31.69,東海大學,生命科學系生物醫學組,醫藥衛生學門,keyword
0525,東海大學,生命科學系生態暨生物多樣性組,生x2.00 英x2.00 國x1.75,14,201.25,481.25,41.82,50.71,東海大學,生命科學系生態暨生物多樣性組,生命科學學門,keyword
0526,東海大學,智慧計算暨應用數學系,數甲x2.00 國x2.00 英x1.00,10,163.0,425.0,38.35,40.97,東海大學,智慧計算暨應用數,數學及統計學門,keyword
0527,東海大學,化學工程與材料工程學系,化x2.00 數甲x2.00 物x1.00,39,150.0,500.0,30.0,18.14,東海大學,化學工程與材料工程,工程及工程業學門,exact
0530,東海大學,"工業工程與經營資訊學系(智慧設計與生
產組)",數甲x2.00 英x1.50 國x1.00,7,143.5,387.5,37.03,37.5,東海大學,工業工程與經營資訊學系(智慧設計與生產組),資訊通訊科技學門,keyword
0531,東海大學,"工業工程與經營資訊學系(智慧經營與管
理組)",英x2.00 數乙x1.50 國x1.00,12,144.0,375.0,38.4,41.14,東海大學,工業工程與經營資訊學系(智慧經營與管理組),資訊通訊科技學門,keyword
0532,東海大學,環境科學與工程學系,化x2.00 英x1.50 國x1.50,27,162.0,425.0,38.12,40.18,東海大學,環境科學與工程,工程及工程業學門,exact
0533,東海大學,資訊工程學系,數甲x2.00 英x2.00 國x1.50,64,182.5,462.5,39.46,44.3,東海大學,資訊工程,工程及工程業學門,exact
0534,東海大學,電機工程學系,數甲x1.00 國x2.00 英x1.00,17,157.0,325.0,48.31,66.76,東海大學,電機工程,工程及工程業學門,exact
0535,東海大學,企業管理學系,公x2.00 國x1.50 英x1.00,38,158.0,387.5,40.77,47.77,東海大學,企業管理,商業及管理學門,exact
0536,東海大學,國際經營與貿易學系,英x2.00 國x2.00 公x1.50 數Bx1.00,53,193.5,525.0,36.86,36.85,東海大學,國際經營與貿易,商業及管理學門,exact
0537,東海大學,會計學系,公x2.00 英x1.00 數Bx1.00 國x1.00,54,159.0,425.0,37.41,38.4,東海大學,會計,商業及管理學門,exact
0540,東海大學,財務金融學系,英x1.50 數乙x1.00 國x1.00,54,111.0,287.5,38.61,42.04,東海大學,財務金融,商業及管理學門,exact
0541,東海大學,統計學系(巨量資料管理組),數甲x2.00 數Ax1.00 國x1.00,11,122.0,350.0,34.86,30.84,東海大學,統計學系,數學及統計學門,keyword
0542,東海大學,統計學系(決策管理組),數乙x2.00 數Bx1.00 國x1.00,15,134.0,350.0,38.29,40.63,東海大學,統計學系,數學及統計學門,keyword
0543,東海大學,資訊管理學系,英x1.00 公x2.00 國x2.00,19,190.0,425.0,44.71,58.44,東海大學,資訊管理,資訊通訊科技學門,exact
0544,東海大學,經濟學系,國x2.00 數乙x2.00 英x1.00,34,156.0,425.0,36.71,36.17,東海大學,經濟,社會及行為科學學門,exact
0545,東海大學,政治學系,英x2.00 公x2.00 國x1.75,30,193.25,481.25,40.16,46.11,東海大學,政治,社會及行為科學學門,exact
0546,東海大學,行政管理暨政策學系,公x1.50 社x2.00 國x1.00,35,181.5,375.0,48.4,66.87,東海大學,行政管理暨政策,商業及管理學門,exact
0547,東海大學,社會學系,公x2.00 社x2.00 國x1.75,25,210.75,481.25,43.79,55.3,東海大學,社會,社會及行為科學學門,exact
0550,東海大學,社會工作學系,公x2.00 國x1.50 社x1.00,40,158.0,387.5,40.77,47.77,東海大學,社會工作,社會福利學門,exact
0551,東海大學,畜產與生物科技學系,生x2.00 英x1.00 國x1.00,24,131.0,350.0,37.43,38.54,東海大學,畜產與生物科技,農業學門,exact
0552,東海大學,食品科學系,自x2.00 國x1.50 化x1.00,17,165.5,362.5,45.66,60.61,東海大學,食品科,製造及加工學門,exact
0553,東海大學,餐旅管理學系,英x1.50 數Bx1.25 公x1.00,25,86.25,306.25,28.16,13.97,東海大學,餐旅管理,餐旅及民生服務學門,exact
0554,東海大學,高齡健康與運動科學學士學位學程,英x1.50 國x1.25 數乙x1.00,11,102.25,306.25,33.39,26.81,東海大學,高齡健康與運動科學學士,衛生及職業衛生服務學門,keyword
0555,東海大學,美術學系,術x2.00 國x2.00 英x1.00 歷x1.00,9,256.5,325.0,78.92,98.42,東海大學,美術,藝術學門,exact
0556,東海大學,音樂學系,英x1.50 國x1.50 歷x1.00,6,102.0,325.0,31.38,21.02,東海大學,音樂,藝術學門,exact
0557,東海大學,建築學系(A組),數Ax1.50 物x1.50 英x1.50 化x1.00,13,213.0,475.0,44.84,58.69,東海大學,建築,建築及營建工程學門,exact
0560,東海大學,建築學系(B組),數Bx1.50 歷x1.50 英x1.50 國x1.00,5,245.0,450.0,54.44,83.04,東海大學,建築,建築及營建工程學門,exact
0561,東海大學,工業設計學系(A組),國x2.00 英x2.00 物x1.00,9,196.0,400.0,49.0,68.51,東海大學,工業設計,藝術學門,exact
0562,東海大學,工業設計學系(B組),國x2.00 英x2.00 公x1.00,8,182.0,400.0,45.5,60.33,東海大學,工業設計,藝術學門,exact
0563,東海大學,景觀學系(A組),英x1.50 國x1.00 公x1.00,13,108.0,287.5,37.57,39.16,東海大學,景觀,建築及營建工程學門,exact
0564,東海大學,景觀學系(B組),英x1.50 國x1.00 生x1.00,4,120.5,287.5,41.91,50.93,東海大學,景觀,建築及營建工程學門,exact
0565,東海大學,法律學系,國x1.50 英x1.50 公x1.50 歷x1.00,63,233.5,475.0,49.16,69.16,東海大學,法律,法律學門,exact
0566,東海大學,國際學院國際經營管理學位學程,英x2.00 數乙x1.25 國x1.00,12,114.25,350.0,32.64,24.55,東海大學,國際學院國際經營管理,商業及管理學門,keyword
0567,東海大學,永續科學與管理學士學位學程,英x2.00 國x1.00 化x1.00,7,131.0,325.0,40.31,46.5,東海大學,永續科學與管理學士,商業及管理學門,keyword
0570,國立清華大學,中國文學系甲組(一般組),國x1.50 英x1.25 數Bx1.00 歷x1.00 地x1.00,19,250.75,481.25,52.1,76.92,國立清華大學,中國文學系甲組,語文學門,keyword
0571,國立清華大學,中國文學系乙組(華語文教學組),國x1.50 英x1.50 數Bx1.00 歷x1.00 地x1.00,9,263.0,500.0,52.6,78.56,國立清華大學,中國文學系乙組,語文學門,keyword
0572,國立清華大學,外國語文學系,英x2.00 國x1.50 歷x1.00 地x1.00 數Bx1.00,25,302.0,537.5,56.19,87.19,國立清華大學,外國語文,語文學門,exact
0573,國立清華大學,人文社會學院學士班,英x1.50 數乙x1.50 國x1.50 歷x1.00 公x1.00,18,302.0,575.0,52.52,78.22,國立清華大學,人文社會學院學士班,人文學門,exact
0574,國立清華大學,教育與學習科技學系,國x2.00 英x2.00 數Bx1.00 歷x1.00,8,273.0,475.0,57.47,90.66,國立清華大學,教育與學習科技,教育學門,exact
0575,國立清華大學,幼兒教育學系,英x2.00 國x2.00 歷x1.50 地x1.00 公x1.00,8,349.0,650.0,53.69,81.26,國立清華大學,幼兒教育,教育學門,exact
0576,國立清華大學,特殊教育學系,國x2.00 英x2.00 歷x1.00 公x1.00,12,278.0,500.0,55.6,85.5,國立清華大學,特殊教育,教育學門,exact
0577,國立清華大學,教育心理與諮商學系甲組,英x2.00 國x1.50 數Bx1.50 公x1.00,7,299.0,475.0,62.95,97.07,國立清華大學,教育心理與諮商學系甲組,教育學門,keyword
0600,國立清華大學,教育心理與諮商學系乙組,英x2.00 國x1.50 數乙x1.50 生x1.00,8,296.0,512.5,57.76,91.08,國立清華大學,教育心理與諮商學系乙組,教育學門,keyword
0601,國立清華大學,英語教學系,英x2.00 國x1.50 歷x1.00 數Bx1.00 地x1.00,18,286.5,537.5,53.3,80.3,國立清華大學,英語教,教育學門,exact
0602,國立清華大學,運動科學系,英x2.00 數甲x1.25 國x1.25,4,216.5,368.75,58.71,92.72,國立清華大學,運動科,,unmapped
0603,國立清華大學,竹師教育學院學士班,英x2.00 國x1.00 生x1.50,5,230.5,375.0,61.47,96.28,國立清華大學,竹師教育學院學士班,教育學門,keyword
0604,國立清華大學,環境與文化資源學系,地x1.50 公x1.75 英x2.00 國x1.00 數Bx1.00,11,334.5,625.0,53.52,80.98,國立清華大學,環境與文化資源,環境學門,exact
0605,國立清華大學,經濟學系第1組,英x2.00 數甲x2.00 國x1.00,17,240.0,425.0,56.47,87.95,國立清華大學,經濟,社會及行為科學學門,exact
0606,國立清華大學,經濟學系第2組,英x2.00 數Ax2.00 國x1.00 歷x1.00 地x1.00,18,330.0,575.0,57.39,90.41,國立清華大學,經濟,社會及行為科學學門,exact
0607,國立清華大學,科技管理學院學士班,數甲x1.00 英x1.00 物x1.00 化x1.00,10,192.0,375.0,51.2,74.63,國立清華大學,科技管理學院學士班,商業及管理學門,exact
0610,國立清華大學,計量財務金融學系甲組,數甲x1.50 英x1.50 國x1.00,10,202.5,337.5,60.0,94.89,國立清華大學,計量財務金融學系甲組,商業及管理學門,keyword
0611,國立清華大學,計量財務金融學系乙組,數乙x1.50 英x1.50 國x1.00,10,217.5,337.5,64.44,97.52,國立清華大學,計量財務金融學系乙組,商業及管理學門,keyword
0612,國立清華大學,數學系甲組(數學組),數甲x2.00 物x1.50 英x1.50 化x1.00,10,285.0,562.5,50.67,73.17,國立清華大學,數學系甲組,數學及統計學門,keyword
0613,國立清華大學,數學系乙組(應用數學組),數甲x2.00 物x1.50 英x1.50 化x1.00,9,288.5,562.5,51.29,74.89,國立清華大學,數學系乙組,數學及統計學門,keyword
0614,國立清華大學,物理學系物理組(甲組一般組),物x1.50 數甲x1.50 英x1.00 化x1.00 國x1.00,12,303.0,550.0,55.09,84.14,國立清華大學,物理學系物理組,物理、化學及地球科學學門,keyword
0615,國立清華大學,物理學系物理組(乙組天文物理組),物x1.50 數甲x1.50 英x1.00 化x1.00 國x1.00,1,320.0,550.0,58.18,91.76,國立清華大學,物理學系物理組,物理、化學及地球科學學門,keyword
0616,國立清華大學,物理學系光電物理組,物x1.50 數甲x1.50 英x1.00 化x1.00 國x1.00,5,306.0,550.0,55.64,85.67,國立清華大學,物理學系光電物理組,工程及工程業學門,keyword
0617,國立清華大學,化學系,化x1.00 物x1.00 數甲x1.00 英x1.00 國x1.00,24,248.0,450.0,55.11,84.23,國立清華大學,化,物理、化學及地球科學學門,exact
0620,國立清華大學,理學院學士班,數甲x1.50 物x1.25 化x1.00 英x1.00 國x1.00,10,292.0,525.0,55.62,85.61,國立清華大學,理學院學士班,物理、化學及地球科學學門,exact
0621,國立清華大學,生醫工程與環境科學系,英x1.00 數甲x1.00 物x1.00 化x1.00 國x1.00,14,240.0,450.0,53.33,80.5,國立清華大學,生醫工程與環境科,工程及工程業學門,exact
0622,國立清華大學,工程與系統科學系甲組(低碳綠能組),英x1.00 物x1.00 數甲x1.00 化x1.00 國x1.00,7,252.0,450.0,56.0,86.51,國立清華大學,工程與系統科學系甲組,,unmapped
0623,國立清華大學,"工程與系統科學系乙組(智慧奈米系統
組)",英x1.00 物x1.00 數甲x1.00 化x1.00 國x1.00,5,255.0,450.0,56.67,88.57,國立清華大學,工程與系統科學系乙組(智慧奈米系統組),,unmapped
0624,國立清華大學,原子科學院學士班,英x1.00 數甲x1.00 物x1.00 化x1.00 國x1.00,6,251.0,450.0,55.78,85.95,國立清華大學,原子科學院學士班,工程及工程業學門,exact
0625,國立清華大學,化學工程學系,數甲x1.00 物x1.00 化x1.00 英x1.00 國x1.00,12,253.0,450.0,56.22,87.44,國立清華大學,化學工程,工程及工程業學門,exact
0626,國立清華大學,動力機械工程學系甲組,數甲x1.00 物x1.00 英x1.00 化x1.00 國x1.00,3,258.0,450.0,57.33,90.35,國立清華大學,動力機械工程學系甲組,工程及工程業學門,keyword
0627,國立清華大學,動力機械工程學系乙組,數甲x1.00 物x1.00 英x1.00 化x1.00 國x1.00,15,253.0,450.0,56.22,87.44,國立清華大學,動力機械工程學系乙組,工程及工程業學門,keyword
0630,國立清華大學,材料科學工程學系甲組,物x1.00 化x1.00 英x1.00 數甲x1.00,3,217.0,375.0,57.87,91.2,國立清華大學,材料科學工程學系甲組,工程及工程業學門,keyword
0631,國立清華大學,材料科學工程學系乙組,物x1.00 化x1.00 英x1.00 數甲x1.00,21,209.0,375.0,55.73,85.78,國立清華大學,材料科學工程學系乙組,工程及工程業學門,keyword
0632,國立清華大學,工業工程與工程管理學系,數甲x1.50 英x1.50 物x1.00 國x1.00,27,242.0,437.5,55.31,84.71,國立清華大學,工業工程與工程管理,工程及工程業學門,exact
0633,國立清華大學,工學院學士班,數甲x1.00 物x1.00 化x1.00 英x1.00 國x1.00,8,257.0,450.0,57.11,90.12,國立清華大學,工學院學士班,工程及工程業學門,exact
0634,國立清華大學,電機工程學系甲組,英x1.00 數甲x1.00 物x1.00 化x1.00,4,227.0,375.0,60.53,95.49,國立清華大學,電機工程學系甲組,工程及工程業學門,keyword
0635,國立清華大學,電機工程學系乙組,數甲x1.00 物x1.00 化x1.00,9,169.0,300.0,56.33,87.7,國立清華大學,電機工程學系乙組,工程及工程業學門,keyword
0636,國立清華大學,資訊工程學系甲組(電子資訊組),數甲x1.00 英x1.00 物x1.00 國x1.00 化x1.00,5,270.0,450.0,60.0,94.89,國立清華大學,資訊工程學系甲組,資訊通訊科技學門,keyword
0637,國立清華大學,資訊工程學系乙組(資訊工程組),數甲x1.00 英x1.00 物x1.00 國x1.00 化x1.00,18,262.0,450.0,58.22,91.93,國立清華大學,資訊工程學系乙組,資訊通訊科技學門,keyword
0640,國立清華大學,資訊工程學系丙組(人工智慧組),數甲x1.00 英x1.00 物x1.00 國x1.00 化x1.00,10,262.0,450.0,58.22,91.93,國立清華大學,資訊工程學系丙組,資訊通訊科技學門,keyword
0641,國立清華大學,電機資訊學院學士班甲組,數甲x1.00 英x1.00 物x1.00 化x1.00 國x1.00,1,277.0,450.0,61.56,96.47,國立清華大學,電機資訊學院學士班甲組,資訊通訊科技學門,keyword
0642,國立清華大學,電機資訊學院學士班乙組,數甲x1.00 英x1.00 物x1.00 化x1.00 國x1.00,18,268.0,450.0,59.56,94.1,國立清華大學,電機資訊學院學士班乙組,資訊通訊科技學門,keyword
0643,國立清華大學,生命科學系,生x1.25 英x1.25 化x1.25 數甲x1.00 物x1.00,11,268.25,543.75,49.33,69.55,國立清華大學,生命科,生命科學學門,exact
0644,國立清華大學,醫學科學系,生x1.50 化x1.50 英x1.50 數甲x1.00 物x1.00,6,323.0,612.5,52.73,78.89,國立清華大學,醫學科,醫藥衛生學門,exact
0645,國立清華大學,生命科學暨醫學院學士班,生x1.00 化x1.00 物x1.00 數甲x1.00,11,187.0,400.0,46.75,63.12,國立清華大學,生命科學暨醫學院學士班,醫藥衛生學門,keyword
0646,國立清華大學,藝術與設計學系創作組,術x2.00 國x1.50 英x1.00 歷x1.50,9,300.76,337.5,89.11,98.98,國立清華大學,藝術與設計學系創作組,藝術學門,keyword
0647,國立清華大學,藝術與設計學系設計組,國x1.50 英x1.00 歷x1.50,11,191.5,337.5,56.74,88.83,國立清華大學,藝術與設計學系設計組,藝術學門,keyword
0650,國立清華大學,藝術學院學士班,英x1.50 國x1.50 物x1.00,9,194.5,325.0,59.85,94.5,國立清華大學,藝術學院學士班,藝術學門,keyword
0651,中國醫藥大學,牙醫學系,國x1.00 生x1.25 化x1.00 物x1.00 數甲x1.00,17,284.75,500.0,56.95,89.56,中國醫藥大學,牙醫,醫藥衛生學門,exact
0652,中國醫藥大學,醫學系,物x1.00 化x1.00 生x1.00 數甲x1.00 國x1.00,17,273.0,475.0,57.47,90.66,中國醫藥大學,醫,醫藥衛生學門,exact
0653,中國醫藥大學,中醫學系甲組,國x1.25 生x1.00 英x1.00 化x1.00 數甲x1.25,33,292.0,493.75,59.14,93.62,中國醫藥大學,中醫學系甲組,醫藥衛生學門,keyword
0654,中國醫藥大學,中醫學系乙組,國x1.25 生x1.00 英x1.00 化x1.00 數甲x1.25,21,291.0,493.75,58.94,93.12,中國醫藥大學,中醫學系乙組,醫藥衛生學門,keyword
0655,中國醫藥大學,藥學系,化x1.00 英x1.00 生x1.00 數Ax1.00 國x1.00,27,262.0,425.0,61.65,96.56,中國醫藥大學,藥,醫藥衛生學門,exact
0656,中國醫藥大學,護理學系,生x1.00 英x1.00 國x1.00,15,127.0,250.0,50.8,73.73,中國醫藥大學,護理,醫藥衛生學門,exact
0657,中國醫藥大學,醫學檢驗生物技術學系,化x1.25 生x1.25 英x1.00,11,167.0,325.0,51.38,75.11,中國醫藥大學,醫學檢驗生物技術,醫藥衛生學門,exact
0660,中國醫藥大學,營養學系,英x2.00 生x2.00 國x1.00,18,219.0,425.0,51.53,75.68,中國醫藥大學,營養,生命科學學門,exact
0661,中國醫藥大學,物理治療學系,英x1.50 生x1.25 物x1.00,11,186.75,337.5,55.33,84.76,中國醫藥大學,物理治療,醫藥衛生學門,exact
0662,中國醫藥大學,生物科技學系,英x1.25 國x1.25 生x1.50,6,180.5,337.5,53.48,80.87,中國醫藥大學,生物科技,生命科學學門,exact
0663,中國醫藥大學,運動醫學系,英x2.00 生x2.00 國x1.00,10,215.0,425.0,50.59,72.88,中國醫藥大學,運動醫,醫藥衛生學門,exact
0664,中國醫藥大學,中國藥學暨中藥資源學系,國x1.50 英x1.50 化x1.00,9,194.5,325.0,59.85,94.5,中國醫藥大學,中國藥學暨中藥資源,醫藥衛生學門,exact
0665,中國醫藥大學,藥用化妝品學系,化x1.00 生x1.00 英x1.00,7,114.0,275.0,41.45,49.77,中國醫藥大學,藥用化妝品,醫藥衛生學門,exact
0666,中國醫藥大學,生物醫學影像暨放射科學學系,生x1.00 英x1.00 國x1.00,7,142.0,250.0,56.8,88.97,中國醫藥大學,生物醫學影像暨放射科學,醫藥衛生學門,exact
0667,中國醫藥大學,公共衛生學院大一不分系,生x2.00 國x2.00 英x1.50,18,232.5,462.5,50.27,72.12,中國醫藥大學,公共衛生學院大一不分,衛生及職業衛生服務學門,keyword
0670,中國醫藥大學,生物醫學工程學系,國x1.50 英x1.50 生x1.00,14,192.0,325.0,59.08,93.48,中國醫藥大學,生物醫學工程,工程及工程業學門,loose
0671,中國醫藥大學,醫療資訊學系,生x1.25 英x1.25 數甲x1.00,7,128.5,318.75,40.31,46.5,中國醫藥大學,醫療資訊,資訊通訊科技學門,keyword
0672,國立陽明交通大學,電機工程學系甲組(電資國際組),數甲x1.00 物x1.00 化x1.00 英x2.00,4,286.0,450.0,63.56,97.29,國立陽明交通大學,電機工程學系甲組,工程及工程業學門,keyword
0673,國立陽明交通大學,電機工程學系乙組(電機工程組),數甲x1.00 物x1.50 化x1.50 英x1.50,35,308.0,512.5,60.1,95.03,國立陽明交通大學,電機工程學系乙組,工程及工程業學門,keyword
0674,國立陽明交通大學,電機工程學系丙組(醫學電資組),物x1.50 化x1.00 數甲x1.00 英x1.00,2,249.0,425.0,58.59,92.44,國立陽明交通大學,電機工程學系丙組,醫藥衛生學門,keyword
0675,國立陽明交通大學,光電工程學系,物x1.50 化x1.50 數甲x1.00 英x2.00,5,317.0,550.0,57.64,90.86,國立陽明交通大學,光電工程,工程及工程業學門,loose
0676,國立陽明交通大學,資訊工程學系甲組,數甲x1.00 英x1.00 物x1.00 化x1.00 國x1.00,4,277.0,450.0,61.56,96.47,國立陽明交通大學,資訊工程學系甲組,資訊通訊科技學門,keyword
0677,國立陽明交通大學,資訊工程學系乙組,數甲x1.00 英x1.00 物x1.00 化x1.00 國x1.00,39,264.0,450.0,58.67,92.58,國立陽明交通大學,資訊工程學系乙組,資訊通訊科技學門,keyword
0700,國立陽明交通大學,半導體工程學系固態電子組,數甲x1.50 物x1.50 化x1.00 英x1.00,7,266.5,475.0,56.11,87.05,國立陽明交通大學,半導體工程學系固態電子組,工程及工程業學門,keyword
0701,國立陽明交通大學,半導體工程學系奈米科學組,數甲x1.50 物x1.50 化x1.00 英x1.00,5,263.5,475.0,55.47,85.07,國立陽明交通大學,半導體工程學系奈米科學組,工程及工程業學門,keyword
0702,國立陽明交通大學,材料科學與工程學系-伊利諾雙聯組,物x1.00 化x1.00 數甲x1.00 自x1.00 英x1.00,9,265.0,450.0,58.89,92.97,國立陽明交通大學,材料科學與工程學系-伊利諾雙聯組,工程及工程業學門,keyword
0703,國立陽明交通大學,材料科學與工程學系,物x1.00 化x1.00 數甲x1.00 自x1.00 英x1.00,8,264.0,450.0,58.67,92.58,國立陽明交通大學,材料科學與工程,工程及工程業學門,loose
0704,國立陽明交通大學,機械工程學系,數甲x1.00 物x1.00 英x1.00 化x1.00,33,200.0,375.0,53.33,80.5,國立陽明交通大學,機械工程,工程及工程業學門,loose
0705,國立陽明交通大學,"土木工程學系(科技暨基礎建設永續發展
組)",數甲x1.00 物x1.00 英x1.00 化x1.00,28,184.0,375.0,49.07,68.71,國立陽明交通大學,土木工程學系(科技暨基礎建設永續發展組),工程及工程業學門,keyword
0706,國立陽明交通大學,理學院科學學士學位學程甲組,物x1.00 數甲x1.00 化x1.00 英x1.00,10,206.0,375.0,54.93,83.86,國立陽明交通大學,理學院科學學士學位學程甲組,,unmapped
0707,國立陽明交通大學,電子物理學系光電與奈米科學組,物x1.50 數甲x1.00 化x1.00 英x1.00,4,241.0,425.0,56.71,88.71,國立陽明交通大學,電子物理學系光電與奈米科學組,工程及工程業學門,keyword
0710,國立陽明交通大學,電子物理學系電子物理組,物x1.00 數甲x1.00 化x1.00 英x1.00,10,212.0,375.0,56.53,88.21,國立陽明交通大學,電子物理學系電子物理組,工程及工程業學門,keyword
0711,國立陽明交通大學,應用化學系,化x1.50 物x1.00 數甲x1.00 英x1.00 國x1.00,19,271.5,500.0,54.3,82.73,國立陽明交通大學,應用化,物理、化學及地球科學學門,loose
0712,國立陽明交通大學,應用數學系,數甲x2.00 物x1.50 化x1.00 英x1.50,15,288.0,562.5,51.2,74.63,國立陽明交通大學,應用數,數學及統計學門,loose
0713,國立陽明交通大學,生物科技學系甲組,生x1.50 化x1.25 英x1.25 數甲x1.00 物x1.00,15,281.25,568.75,49.45,69.92,國立陽明交通大學,生物科技學系甲組,生命科學學門,keyword
0714,國立陽明交通大學,生物科技學系乙組,數甲x1.25 化x1.25 物x1.25 英x1.00,6,225.5,450.0,50.11,71.33,國立陽明交通大學,生物科技學系乙組,生命科學學門,keyword
0715,國立陽明交通大學,資訊管理與財務金融學系資訊管理組,數甲x2.00 英x1.50 國x1.00,4,240.5,387.5,62.06,96.78,國立陽明交通大學,資訊管理與財務金融學系資訊管理組,資訊通訊科技學門,keyword
0716,國立陽明交通大學,資訊管理與財務金融學系財務金融組,數乙x2.00 英x2.00 國x1.00,6,278.0,425.0,65.41,97.63,國立陽明交通大學,資訊管理與財務金融學系財務金融組,資訊通訊科技學門,keyword
0717,國立陽明交通大學,管理科學系(自然組),英x1.50 數甲x1.00 國x1.00,8,174.0,287.5,60.52,95.43,國立陽明交通大學,管理科學系,商業及管理學門,keyword
0720,國立陽明交通大學,管理科學系(社會組),數乙x2.00 英x2.00 國x1.00,12,264.0,425.0,62.12,96.84,國立陽明交通大學,管理科學系,社會及行為科學學門,keyword
0721,國立陽明交通大學,運輸與物流管理學系,數甲x1.50 英x1.50 國x1.00 物x1.00,14,232.0,437.5,53.03,79.83,國立陽明交通大學,運輸與物流管理,運輸服務學門,loose
0722,國立陽明交通大學,工業工程與管理學系甲組,數甲x1.00 英x1.00 國x1.00 物x1.00,5,199.0,350.0,56.86,89.19,國立陽明交通大學,工業工程與管理學系甲組,工程及工程業學門,keyword
0723,國立陽明交通大學,工業工程與管理學系乙組,數乙x1.00 英x1.00 國x1.00,2,164.0,250.0,65.6,97.69,國立陽明交通大學,工業工程與管理學系乙組,工程及工程業學門,keyword
0724,國立陽明交通大學,外國語文學系,英x2.00 國x1.50 地x1.00 歷x1.00,11,277.0,462.5,59.89,94.64,國立陽明交通大學,外國語文,語文學門,loose
0725,國立陽明交通大學,傳播與科技學系,國x1.50 英x1.50 數乙x1.00 歷x1.00 地x1.00,22,282.0,525.0,53.71,81.41,國立陽明交通大學,傳播與科技,新聞學及圖書資訊學門,loose
0726,國立陽明交通大學,人文社會學系,國x1.00 英x1.00 公x1.00 歷x1.00 地x1.00,24,236.0,450.0,52.44,78.02,國立陽明交通大學,人文社會,人文學門,loose
0727,國立陽明交通大學,醫學系(自費),英x1.00 生x1.00 化x1.00 數甲x1.00 物x1.00,31,283.0,475.0,59.58,94.19,國立陽明交通大學,醫,醫藥衛生學門,loose
0730,國立陽明交通大學,醫學系(公費),英x1.00 生x1.00 化x1.00 數甲x1.00 物x1.00,3,266.0,475.0,56.0,86.51,國立陽明交通大學,醫,醫藥衛生學門,loose
0731,國立陽明交通大學,牙醫學系,生x1.00 化x1.00 英x1.00 數甲x1.00 物x1.00,16,280.0,475.0,58.95,93.2,國立陽明交通大學,牙醫,醫藥衛生學門,loose
0732,國立陽明交通大學,醫學生物技術暨檢驗學系,化x2.00 英x1.75 生x1.75 數甲x1.00 國x1.00,26,367.0,681.25,53.87,81.69,國立陽明交通大學,醫學生物技術暨檢驗,醫藥衛生學門,loose
0733,國立陽明交通大學,生物醫學影像暨放射科學系,數甲x1.25 化x1.25 物x1.25 英x1.00 生x1.00,16,264.0,550.0,48.0,66.06,國立陽明交通大學,生物醫學影像暨放射科,醫藥衛生學門,loose
0734,國立陽明交通大學,物理治療暨輔助科技學系,生x1.25 英x1.25 物x1.00 數甲x1.00 化x1.00,24,270.25,518.75,52.1,76.92,國立陽明交通大學,物理治療暨輔助科技,醫藥衛生學門,keyword
0735,國立陽明交通大學,護理學系,英x1.50 生x1.00 化x1.00 數甲x1.00 國x1.00,11,253.0,487.5,51.9,76.44,國立陽明交通大學,護理,醫藥衛生學門,loose
0736,國立陽明交通大學,生命科學系暨基因體科學研究所,生x1.50 化x1.25 數甲x1.00 物x1.00 英x1.00,10,269.25,550.0,48.95,68.45,國立陽明交通大學,生命科學系暨基因體科學,生命科學學門,loose
0737,國立陽明交通大學,生物醫學工程學系,數甲x1.00 物x1.00 化x1.00 英x1.00,15,196.0,375.0,52.27,77.62,國立陽明交通大學,生物醫學工程,工程及工程業學門,loose
0740,國立陽明交通大學,學士班大一大二不分系,生x1.50 物x1.00 化x1.00 數甲x1.00 英x1.00,4,281.5,525.0,53.62,81.09,國立陽明交通大學,學士班大一大二不分,,unmapped
0741,國立陽明交通大學,藥學系,化x1.00 數甲x1.00 英x1.00 生x1.00 物x1.00,8,264.0,475.0,55.58,85.33,國立陽明交通大學,藥,醫藥衛生學門,loose
0742,國立陽明交通大學,中醫學系,生x1.00 英x1.00 化x1.00 數甲x1.00 國x1.00,11,269.0,450.0,59.78,94.38,國立陽明交通大學,中醫,醫藥衛生學門,loose
0743,淡江大學,中國文學學系,國x2.00 歷x1.50 英x1.00,41,120.0,375.0,32.0,22.71,淡江大學,中國文學,語文學門,exact
0744,淡江大學,歷史學系,歷x2.00 國x1.50 英x1.00,42,130.0,387.5,33.55,27.45,淡江大學,歷史,人文學門,exact
0745,淡江大學,資訊與圖書館學系,英x1.00 國x2.00 公x1.00,50,107.0,325.0,32.92,25.2,淡江大學,資訊與圖書館,新聞學及圖書資訊學門,exact
0746,淡江大學,大眾傳播學系,英x1.00 國x1.00 公x1.00,75,80.0,250.0,32.0,22.71,淡江大學,大眾傳播,新聞學及圖書資訊學門,exact
0747,淡江大學,資訊傳播學系,國x2.00 英x1.00 公x1.00,30,121.0,325.0,37.23,38.01,淡江大學,資訊傳播,新聞學及圖書資訊學門,exact
0750,淡江大學,教育科技學系,公x2.00 國x2.00 英x1.00,42,137.0,425.0,32.24,23.34,淡江大學,教育科技,教育學門,exact
0751,淡江大學,教育與未來設計學系,公x2.00 國x2.00 英x1.00,22,135.0,425.0,31.76,22.01,淡江大學,教育與未來設計,教育學門,keyword
0752,淡江大學,英文學系,英x2.00 國x1.00 歷x1.00,74,95.0,325.0,29.23,16.08,淡江大學,英文,語文學門,exact
0753,淡江大學,英文學系全英語學士班,英x2.00 國x1.00 地x1.00,15,88.0,325.0,27.08,11.46,淡江大學,英文學系全英語學士班,語文學門,keyword
0754,淡江大學,歐洲語文學系法文組,英x1.00 國x1.00 歷x1.00,33,72.0,250.0,28.8,15.18,淡江大學,歐洲語文學系法文組,語文學門,keyword
0755,淡江大學,歐洲語文學系德文組,英x1.00 國x1.00 地x1.00,21,74.0,250.0,29.6,16.7,淡江大學,歐洲語文學系德文組,語文學門,keyword
0756,淡江大學,歐洲語文學系西文組,英x1.00 國x1.00 歷x1.00,31,77.0,250.0,30.8,19.84,淡江大學,歐洲語文學系西文組,語文學門,keyword
0757,淡江大學,歐洲語文學系俄文組,英x1.00 國x1.00 歷x1.00,12,72.0,250.0,28.8,15.18,淡江大學,歐洲語文學系俄文組,語文學門,keyword
0760,淡江大學,日本語文學系,國x2.00 英x1.00 歷x1.00,71,125.0,325.0,38.46,41.42,淡江大學,日本語文,語文學門,exact
0761,淡江大學,財務金融學系,數Bx2.00 國x1.00 公x1.00,94,131.0,325.0,40.31,46.5,淡江大學,財務金融,商業及管理學門,exact
0762,淡江大學,"財務金融學系全球財務管理全英語學士
班",英x2.00 公x1.50 數Bx1.00,17,114.5,375.0,30.53,19.07,淡江大學,財務金融學系全球財務管理全英語學士班,語文學門,keyword
0763,淡江大學,國際企業學系經貿管理組,英x1.50 歷x1.50 數Bx1.00,60,105.5,337.5,31.26,20.54,淡江大學,國際企業學系經貿管理組,商業及管理學門,keyword
0764,淡江大學,國際企業學系國際商學全英語組,英x2.00 歷x1.50 數Bx1.00,20,100.5,375.0,26.8,11.0,淡江大學,國際企業學系國際商學全英語組,語文學門,keyword
0765,淡江大學,風險管理與保險學系,國x1.00 公x1.00 數Bx1.00,47,83.0,250.0,33.2,26.41,淡江大學,風險管理與保險,商業及管理學門,loose
0766,淡江大學,經濟學系,數Bx2.00 國x1.00 公x1.00,63,113.0,325.0,34.77,30.25,淡江大學,經濟,社會及行為科學學門,exact
0767,淡江大學,會計學系,公x1.50 國x1.50 數Bx1.00,106,126.5,337.5,37.48,38.74,淡江大學,會計,商業及管理學門,exact
0770,淡江大學,企業管理學系,國x1.50 歷x1.50 數Bx1.00,94,123.0,337.5,36.44,35.44,淡江大學,企業管理,商業及管理學門,exact
0771,淡江大學,企業管理學系全英語學士班,英x2.00 國x1.50 歷x1.50,31,114.0,412.5,27.64,12.81,淡江大學,企業管理學系全英語學士班,語文學門,keyword
0772,淡江大學,統計與資料科學學系,數Bx1.50 地x1.50 國x1.00,23,126.0,337.5,37.33,38.32,淡江大學,統計與資料科學,資訊通訊科技學門,keyword
0773,淡江大學,資訊管理學系,數乙x1.50 英x1.50 國x1.00,66,122.5,337.5,36.3,35.16,淡江大學,資訊管理,資訊通訊科技學門,exact
0774,淡江大學,運輸管理學系,國x2.00 地x1.50 數Bx1.00,22,145.5,375.0,38.8,42.75,淡江大學,運輸管理,運輸服務學門,exact
0775,淡江大學,公共行政學系,國x1.50 公x1.00 歷x1.00,55,118.5,312.5,37.92,39.95,淡江大學,公共行政,商業及管理學門,exact
0776,淡江大學,管理科學學系,國x1.00 數Bx1.00 公x1.00,29,83.0,250.0,33.2,26.41,淡江大學,管理科學,商業及管理學門,exact
0777,淡江大學,外交與國際關係學系全英語學士班,英x1.50 歷x1.00 國x1.00,17,87.5,287.5,30.43,18.99,淡江大學,外交與國際關係學系全英語學士班,語文學門,keyword
1000,淡江大學,國際觀光管理學系全英語學士班,英x1.25 國x1.00 地x1.00,17,73.5,268.75,27.35,12.33,淡江大學,國際觀光管理學系全英語學士班,餐旅及民生服務學門,exact
1001,淡江大學,全球政治經濟學系全英語學士班,英x2.00 國x1.00 公x1.00,13,96.0,325.0,29.54,16.56,淡江大學,全球政治經濟學系全英語學士班,社會及行為科學學門,exact
1002,淡江大學,應用數學與數據科學學系,數甲x2.00 英x1.50 國x1.50,25,151.0,425.0,35.53,32.99,淡江大學,應用數學與數據科學,數學及統計學門,keyword
1003,淡江大學,化學學系,化x2.00 自x2.00 英x1.00,25,179.0,425.0,42.12,51.58,淡江大學,化學,物理、化學及地球科學學門,exact
1004,淡江大學,物理學系(量子材料組),物x2.00 數Ax1.50 英x1.00,26,138.0,387.5,35.61,33.24,淡江大學,物理學系,工程及工程業學門,keyword
1005,淡江大學,物理學系(天文與基礎物理組),數Ax2.00 物x1.50 英x1.00 國x1.00,10,173.5,450.0,38.56,41.93,淡江大學,物理學系,物理、化學及地球科學學門,keyword
1006,淡江大學,建築學系,英x2.00 國x2.00 物x1.50,18,198.0,450.0,44.0,56.01,淡江大學,建築,建築及營建工程學門,exact
1007,淡江大學,土木工程學系,物x1.25 數甲x1.00 國x2.00,32,138.0,375.0,36.8,36.6,淡江大學,土木工程,建築及營建工程學門,exact
1010,淡江大學,資訊工程學系,數甲x2.00 英x1.50 國x2.00,49,194.5,462.5,42.05,51.44,淡江大學,資訊工程,資訊通訊科技學門,exact
1011,淡江大學,資訊工程學系全英語學士班,英x2.00 數Bx2.00 歷x1.50,9,162.0,450.0,36.0,34.37,淡江大學,資訊工程學系全英語學士班,資訊通訊科技學門,keyword
1012,淡江大學,機械與機電工程學系,數甲x1.00 國x2.00 英x1.00,36,144.0,325.0,44.31,57.28,淡江大學,機械與機電工程,工程及工程業學門,exact
1013,淡江大學,電機工程學系電機資訊組,物x1.50 英x1.00 國x1.00,26,135.0,300.0,45.0,59.23,淡江大學,電機工程學系電機資訊組,資訊通訊科技學門,keyword
1014,淡江大學,電機工程學系電機通訊組,物x1.50 英x1.00 國x1.00,12,133.5,300.0,44.5,57.62,淡江大學,電機工程學系電機通訊組,工程及工程業學門,keyword
1015,淡江大學,電機工程學系電機與系統組,物x1.50 英x1.00 國x1.00,12,135.5,300.0,45.17,59.79,淡江大學,電機工程學系電機與系統組,工程及工程業學門,keyword
1016,淡江大學,化學工程與材料工程學系,化x1.50 數甲x1.00 國x1.00,33,119.0,325.0,36.62,35.95,淡江大學,化學工程與材料工程,工程及工程業學門,exact
1017,淡江大學,航空太空工程學系,物x2.00 英x2.00 國x1.00,33,166.0,425.0,39.06,43.4,淡江大學,航空太空工程,工程及工程業學門,exact
1020,淡江大學,水資源及環境工程學系,國x2.00 英x1.00 數甲x1.00,13,134.0,325.0,41.23,48.93,淡江大學,水資源及環境工程,工程及工程業學門,exact
1021,淡江大學,人工智慧學系,英x1.00 國x1.00 物x1.00,43,101.0,250.0,40.4,46.87,淡江大學,人工智慧,資訊通訊科技學門,keyword
1022,逢甲大學,機械與電腦輔助工程學系,國x2.00 數甲x1.50 物x1.25,23,166.0,425.0,39.06,43.4,逢甲大學,機械與電腦輔助工程,工程及工程業學門,exact
1023,逢甲大學,纖維與複合材料學系,數甲x2.00 化x2.00 英x1.00 國x2.00,8,230.0,625.0,36.8,36.6,逢甲大學,纖維與複合材料,工程及工程業學門,exact
1024,逢甲大學,工業工程與系統管理學系A組,國x2.00 英x2.00 數甲x1.00,9,188.0,400.0,47.0,63.66,逢甲大學,工業工程與系統管理,工程及工程業學門,exact
1025,逢甲大學,工業工程與系統管理學系B組,國x2.00 英x2.00 數乙x1.00,7,190.0,400.0,47.5,64.76,逢甲大學,工業工程與系統管理,工程及工程業學門,exact
1026,逢甲大學,化學工程學系,化x2.00 數甲x1.00 英x1.00 物x2.00 國x2.00,26,282.0,725.0,38.9,43.0,逢甲大學,化學工程,工程及工程業學門,exact
1027,逢甲大學,航太與系統工程學系,數Ax1.50 物x1.75 英x1.00 國x2.00,14,231.5,512.5,45.17,59.79,逢甲大學,航太與系統工程,工程及工程業學門,exact
1030,逢甲大學,精密系統設計學士學位學程,物x1.50 數甲x2.00 國x2.00 英x1.00,9,214.5,575.0,37.3,38.23,逢甲大學,精密系統設計學士,工程及工程業學門,exact
1031,逢甲大學,應用數學系A組,數甲x2.00 英x1.50 國x2.00,7,188.5,462.5,40.76,47.66,逢甲大學,應用數,數學及統計學門,exact
1032,逢甲大學,應用數學系B組,數乙x2.00 英x1.50 國x2.00,6,194.5,462.5,42.05,51.44,逢甲大學,應用數,數學及統計學門,exact
1033,逢甲大學,材料科學與工程學系,化x2.00 英x2.00 數甲x1.00 物x1.50 國x1.00,28,278.5,675.0,41.26,49.07,逢甲大學,材料科學與工程,工程及工程業學門,exact
1034,逢甲大學,環境工程與科學學系,數甲x1.75 化x2.00 國x2.00 英x1.00,17,217.0,600.0,36.17,34.71,逢甲大學,環境工程與科學,工程及工程業學門,exact
1035,逢甲大學,光電科學與工程學系,數甲x1.50 英x1.50 國x2.00,30,184.0,412.5,44.61,58.13,逢甲大學,光電科學與工程,工程及工程業學門,loose
1036,逢甲大學,會計學系,英x1.50 國x1.50 數乙x1.25 地x1.00 歷x1.00,34,193.5,550.0,35.18,31.49,逢甲大學,會計,商業及管理學門,exact
1037,逢甲大學,國際經營與貿易學系,英x2.00 地x1.00 國x1.00 數乙x1.00,37,141.0,425.0,33.18,26.19,逢甲大學,國際經營與貿易,商業及管理學門,exact
1040,逢甲大學,國際企業管理全英語學士學位學程,英x2.00 數乙x1.50 國x1.50 地x1.00,6,175.0,512.5,34.15,28.95,逢甲大學,國際企業管理全英語學士,語文學門,keyword
1041,逢甲大學,財稅學系,英x1.50 數乙x1.50 國x1.25 歷x1.00,11,165.5,456.25,36.27,35.1,逢甲大學,財稅,商業及管理學門,exact
1042,逢甲大學,合作經濟暨社會事業經營學系,英x2.00 國x1.50 歷x1.00 數乙x1.00,9,154.5,462.5,33.41,27.0,逢甲大學,合作經濟暨社會事業經營,社會及行為科學學門,exact
1043,逢甲大學,統計學系商業大數據組,數乙x2.00 英x1.50 國x1.00 地x1.00,8,175.0,487.5,35.9,33.94,逢甲大學,統計學系商業大數據組,數學及統計學門,keyword
1044,逢甲大學,統計學系大數據分析與市場決策組,數乙x2.00 英x1.50 地x1.00,6,143.0,412.5,34.67,29.94,逢甲大學,統計學系大數據分析與市場決策組,數學及統計學門,keyword
1045,逢甲大學,經濟學系,數乙x1.50 英x1.50 國x1.00,16,124.5,337.5,36.89,36.94,逢甲大學,經濟,社會及行為科學學門,exact
1046,逢甲大學,企業管理學系,英x2.00 國x1.50 數乙x1.00 歷x1.50,40,174.5,512.5,34.05,28.75,逢甲大學,企業管理,商業及管理學門,exact
1047,逢甲大學,行銷學系,國x2.00 英x2.00 數乙x1.75,14,175.5,475.0,36.95,37.36,逢甲大學,行銷,商業及管理學門,exact
1050,逢甲大學,中國文學系,國x2.00 歷x2.00 英x1.25,8,171.75,443.75,38.7,42.27,逢甲大學,中國文,語文學門,exact
1051,逢甲大學,外國語文學系,英x2.00 國x1.75 歷x1.50,12,167.25,431.25,38.78,42.66,逢甲大學,外國語文,語文學門,exact
1052,逢甲大學,資訊工程學系甲組,數甲x1.50 英x1.50 國x1.00,16,155.0,337.5,45.93,61.37,逢甲大學,資訊工程學系甲組,資訊通訊科技學門,keyword
1053,逢甲大學,資訊工程學系乙組,數乙x1.50 英x1.50 國x1.00,14,164.5,337.5,48.74,67.86,逢甲大學,資訊工程學系乙組,資訊通訊科技學門,keyword
1054,逢甲大學,電子工程學系,數甲x1.75 英x1.00 國x1.00,21,142.75,325.0,43.92,55.67,逢甲大學,電子工程,工程及工程業學門,exact
1055,逢甲大學,電機工程學系,數甲x1.25 物x1.25 國x1.50 英x1.00,55,194.5,437.5,44.46,57.53,逢甲大學,電機工程,工程及工程業學門,exact
1056,逢甲大學,自動控制工程學系,數甲x2.00 英x1.00 國x1.25,19,148.0,368.75,40.14,45.99,逢甲大學,自動控制工程,工程及工程業學門,exact
1057,逢甲大學,資訊電機學院學士班,數甲x1.50 國x1.50 英x1.00,28,152.0,337.5,45.04,59.37,逢甲大學,資訊電機學院學士班,資訊通訊科技學門,keyword
1060,逢甲大學,通訊工程學系甲組,數甲x2.00 國x1.75 英x1.50,10,191.25,443.75,43.1,53.58,逢甲大學,通訊工程學系甲組,,unmapped
1061,逢甲大學,通訊工程學系乙組,數乙x2.00 國x1.75 英x1.50,9,213.25,443.75,48.06,66.31,逢甲大學,通訊工程學系乙組,,unmapped
1062,逢甲大學,土木工程學系,國x2.00 數甲x1.50 物x2.00 英x1.00,19,215.5,575.0,37.48,38.74,逢甲大學,土木工程,建築及營建工程學門,exact
1063,逢甲大學,水利工程與資源保育學系,數甲x1.00 英x2.00 國x2.00,12,172.0,400.0,43.0,53.19,逢甲大學,水利工程與資源保育,工程及工程業學門,exact
1064,逢甲大學,都市計畫與空間資訊學系,國x2.00 地x2.00 英x1.00 數乙x1.00,13,197.0,525.0,37.52,38.97,逢甲大學,都市計畫與空間資訊,建築及營建工程學門,exact
1065,逢甲大學,運輸與物流學系,英x2.00 國x2.00 數乙x1.75 公x1.00,13,202.5,575.0,35.22,31.86,逢甲大學,運輸與物流,運輸服務學門,keyword
1066,逢甲大學,土地管理學系,國x1.50 地x1.50 英x1.00 歷x1.00 數乙x1.00,19,191.0,537.5,35.53,32.99,逢甲大學,土地管理,商業及管理學門,exact
1067,逢甲大學,財務金融學系,英x1.50 數乙x1.00 國x1.00 公x1.00,19,162.5,387.5,41.94,51.07,逢甲大學,財務金融,商業及管理學門,exact
1070,逢甲大學,風險管理與保險學系,國x1.50 地x1.50 英x1.00 數乙x1.00,10,161.5,437.5,36.91,37.02,逢甲大學,風險管理與保險,商業及管理學門,exact
1071,逢甲大學,財務工程與精算學士學位學程,數乙x2.00 英x1.50 地x1.25 國x1.00,11,181.25,512.5,35.37,32.25,逢甲大學,財務工程與精算學士,商業及管理學門,exact
1072,逢甲大學,金融學院學士班,英x1.50 數Bx1.50 國x1.00 公x1.00,5,168.0,400.0,42.0,51.27,逢甲大學,金融學院學士班,商業及管理學門,keyword
1073,逢甲大學,建築專業學院學士班,國x2.00 英x2.00 數Ax1.75 物x1.00,14,235.25,531.25,44.28,57.17,逢甲大學,建築專業學院學士班,建築及營建工程學門,keyword
1074,逢甲大學,室內設計學士學位學程,國x1.00 英x1.50 歷x1.50,15,130.0,337.5,38.52,41.68,逢甲大學,室內設計學士,藝術學門,keyword
1075,逢甲大學,人工智慧技術與應用學士學位學程,數甲x1.50 英x1.25 國x1.00,10,132.5,318.75,41.57,50.06,逢甲大學,人工智慧技術與應用學士,資訊通訊科技學門,keyword
1076,國立中央大學,中國文學系,國x2.00 英x1.50 歷x1.50 地x1.00,21,267.0,512.5,52.1,76.92,國立中央大學,中國文,語文學門,exact
1077,國立中央大學,英美語文學系,英x2.00 國x1.50 歷x1.25 地x1.00,14,268.25,487.5,55.03,83.97,國立中央大學,英美語文,語文學門,exact
1100,國立中央大學,法國語文學系,英x2.00 國x1.50 歷x1.25 公x1.00 地x1.00,17,306.5,587.5,52.17,77.03,國立中央大學,法國語文,語文學門,exact
1101,國立中央大學,文學院學士班,英x1.00 歷x1.25 公x1.25 國x1.00 數Bx1.00,10,232.25,475.0,48.89,68.31,國立中央大學,文學院學士班,,unmapped
1102,國立中央大學,數學系計算與資料科學組,數甲x1.50 英x1.50 物x1.25 國x1.00,9,233.5,462.5,50.49,72.63,國立中央大學,數學系計算與資料科學組,資訊通訊科技學門,keyword
1103,國立中央大學,數學系數學科學組,數甲x1.50 英x1.50 物x1.25 國x1.00,9,231.25,462.5,50.0,70.91,國立中央大學,數學系數學科學組,數學及統計學門,keyword
1104,國立中央大學,物理學系,物x1.50 數甲x1.50 英x1.00 國x1.00,10,235.0,450.0,52.22,77.34,國立中央大學,物理,物理、化學及地球科學學門,exact
1105,國立中央大學,化學學系,化x1.00 英x1.00 數甲x1.00 物x1.00 國x1.00,17,231.0,450.0,51.33,74.97,國立中央大學,化學,物理、化學及地球科學學門,exact
1106,國立中央大學,光電科學與工程學系,數甲x1.00 物x1.00 英x1.00 化x1.00,18,191.0,375.0,50.93,74.04,國立中央大學,光電科學與工程,工程及工程業學門,exact
1107,國立中央大學,理學院學士班,數甲x1.50 物x1.50 化x1.50 英x1.00 國x1.00,8,302.0,600.0,50.33,72.29,國立中央大學,理學院學士班,物理、化學及地球科學學門,exact
1110,國立中央大學,土木工程學系,數甲x2.00 物x2.00 英x1.50 國x1.00 化x1.00,58,314.0,687.5,45.67,60.67,國立中央大學,土木工程,建築及營建工程學門,exact
1111,國立中央大學,機械工程學系先進材料與精密製造組,物x2.00 英x1.50 數甲x2.00 化x1.00 國x1.00,13,344.0,687.5,50.04,71.05,國立中央大學,機械工程學系先進材料與精密製造組,工程及工程業學門,keyword
1112,國立中央大學,機械工程學系光機電工程組,物x2.00 英x1.50 數甲x2.00 化x1.00 國x1.00,17,343.5,687.5,49.96,70.77,國立中央大學,機械工程學系光機電工程組,工程及工程業學門,keyword
1113,國立中央大學,機械工程學系設計與分析組,物x2.00 英x1.50 數甲x2.00 化x1.00 國x1.00,14,337.5,687.5,49.09,68.79,國立中央大學,機械工程學系設計與分析組,工程及工程業學門,keyword
1114,國立中央大學,化學工程與材料工程學系,數甲x1.00 英x1.00 物x1.00 化x1.00 國x1.00,14,238.0,450.0,52.89,79.35,國立中央大學,化學工程與材料工程,工程及工程業學門,exact
1115,國立中央大學,工學院學士班,英x1.00 物x1.00 化x1.00 自x1.50,6,228.5,387.5,58.97,93.28,國立中央大學,工學院學士班,工程及工程業學門,loose
1116,國立中央大學,企業管理學系,英x2.00 數乙x2.00 國x1.50 公x1.00,57,301.0,562.5,53.51,80.93,國立中央大學,企業管理,商業及管理學門,exact
1117,國立中央大學,資訊管理學系,數甲x2.00 英x2.00 國x1.50,58,252.5,462.5,54.59,83.35,國立中央大學,資訊管理,資訊通訊科技學門,exact
1120,國立中央大學,經濟學系,數乙x2.00 英x2.00 國x1.25 公x1.00,17,301.0,543.75,55.36,84.88,國立中央大學,經濟,社會及行為科學學門,exact
1121,國立中央大學,財務金融學系,英x1.50 國x1.00 公x1.00 地x1.00,20,219.5,387.5,56.65,88.49,國立中央大學,財務金融,商業及管理學門,exact
1122,國立中央大學,電機工程學系,數甲x1.00 物x1.00 英x1.00 化x1.00,29,205.0,375.0,54.67,83.49,國立中央大學,電機工程,工程及工程業學門,exact
1123,國立中央大學,資訊工程學系,數甲x1.00 物x1.00 英x1.00 化x1.00,21,199.0,375.0,53.07,79.91,國立中央大學,資訊工程,資訊通訊科技學門,exact
1124,國立中央大學,通訊工程學系,數甲x1.50 物x1.50 英x1.00 化x1.00,11,244.0,475.0,51.37,75.06,國立中央大學,通訊工程,工程及工程業學門,exact
1125,國立中央大學,資訊電機學院學士班,數甲x1.00 英x1.00 物x1.00 化x1.00,6,204.0,375.0,54.4,82.93,國立中央大學,資訊電機學院學士班,資訊通訊科技學門,keyword
1126,國立中央大學,大氣科學學系,物x2.00 數甲x2.00 英x1.00 化x1.00 國x1.00,17,292.0,650.0,44.92,58.94,國立中央大學,大氣科學,物理、化學及地球科學學門,exact
1127,國立中央大學,太空科學與工程學系,物x2.00 數甲x2.00 英x1.00 化x1.00 國x1.00,12,312.0,650.0,48.0,66.06,國立中央大學,太空科學與工程,,unmapped
1130,國立中央大學,地球科學學系,物x2.00 數甲x2.00 英x1.50 化x1.00,18,267.0,612.5,43.59,54.54,國立中央大學,地球科學,物理、化學及地球科學學門,exact
1131,國立中央大學,地球科學學院學士班,物x2.00 數甲x2.00 化x1.00,6,207.0,500.0,41.4,49.6,國立中央大學,地球科學學院學士班,物理、化學及地球科學學門,keyword
1132,國立中央大學,"客家語文暨社會科學學系客家語文及傳
播組",國x1.50 公x1.50 英x1.00 數Bx1.00 歷x1.00,10,236.0,512.5,46.05,61.68,國立中央大學,客家語文暨社會科學學系客家語文及傳播組,語文學門,keyword
1133,國立中央大學,"客家語文暨社會科學學系客家社會及政
策組",國x1.50 公x1.50 英x1.00 數Bx1.00 歷x1.00,10,239.0,512.5,46.63,62.81,國立中央大學,客家語文暨社會科學學系客家社會及政策組,語文學門,keyword
1134,國立中央大學,生命科學系,生x1.50 化x1.25 英x1.00 數甲x1.00 國x1.00,19,251.75,525.0,47.95,65.8,國立中央大學,生命科,生命科學學門,exact
1135,國立中央大學,生醫科學與工程學系,物x1.25 化x1.25 數甲x1.00 英x1.00,9,207.5,425.0,48.82,68.17,國立中央大學,生醫科學與工程,,unmapped
1136,中國文化大學,哲學系,國x2.00 社x2.00 公x1.00,19,113.0,400.0,28.25,14.22,中國文化大學,哲,人文學門,exact
1137,中國文化大學,中國文學系,國x1.25 社x1.00 歷x1.00,26,68.0,268.75,25.3,8.92,中國文化大學,中國文,語文學門,exact
1140,中國文化大學,史學系,歷x2.00 社x1.00 國x1.00,19,101.0,350.0,28.86,15.38,中國文化大學,史,人文學門,exact
1141,中國文化大學,日本語文學系,公x1.50 社x1.50 國x2.00,35,134.5,412.5,32.61,24.46,中國文化大學,日本語文,語文學門,exact
1142,中國文化大學,韓國語文學系,國x2.00 公x2.00 英x1.00,24,134.0,425.0,31.53,21.33,中國文化大學,韓國語文,語文學門,exact
1143,中國文化大學,歐美語文學系,英x1.50 公x1.00 國x1.00,27,54.5,287.5,18.96,1.35,中國文化大學,歐美語文,語文學門,keyword
1144,中國文化大學,全球商務學士學位學程,英x2.00 國x1.00 公x1.00,4,78.0,325.0,24.0,6.72,中國文化大學,全球商務學士,商業及管理學門,exact
1145,中國文化大學,應用數學系,數甲x2.00 國x2.00 英x1.50,31,130.5,462.5,28.22,14.08,中國文化大學,應用數,數學及統計學門,exact
1146,中國文化大學,光電物理學系,物x2.00 數Ax1.50 自x2.00 英x1.00 國x1.00,31,194.5,612.5,31.76,22.01,中國文化大學,光電物理,工程及工程業學門,exact
1147,中國文化大學,化學系,化x2.00 自x2.00 國x1.50,29,172.0,462.5,37.19,37.84,中國文化大學,化,物理、化學及地球科學學門,exact
1150,中國文化大學,地理學系A組,物x2.00 自x1.50 國x1.00,11,111.0,387.5,28.65,14.76,中國文化大學,地理,社會及行為科學學門,exact
1151,中國文化大學,地理學系B組,地x2.00 社x1.50 國x1.00,9,109.5,387.5,28.26,14.28,中國文化大學,地理,社會及行為科學學門,exact
1152,中國文化大學,大氣與地質科學系,自x1.50 物x1.50 國x1.00,26,98.5,337.5,29.19,15.94,中國文化大學,大氣與地質科,物理、化學及地球科學學門,keyword
1153,中國文化大學,生命科學系,生x2.00 英x1.00 國x1.00,12,117.0,350.0,33.43,27.14,中國文化大學,生命科,生命科學學門,exact
1154,中國文化大學,法律學系,公x2.00 國x1.00 歷x1.00,65,132.0,375.0,35.2,31.69,中國文化大學,法律,法律學門,exact
1155,中國文化大學,政治學系,公x2.00 社x1.50 國x1.00,26,100.5,387.5,25.94,9.71,中國文化大學,政治,社會及行為科學學門,exact
1156,中國文化大學,經濟學系,國x1.00 社x1.00 公x2.00,23,97.0,350.0,27.71,12.98,中國文化大學,經濟,社會及行為科學學門,exact
1157,中國文化大學,勞動暨人力資源學系,公x1.50 社x1.00 國x1.00,4,73.5,300.0,24.5,7.67,中國文化大學,勞動暨人力資源,,unmapped
1160,中國文化大學,社會福利學系,國x1.50 社x2.00 公x2.00,23,137.5,462.5,29.73,17.21,中國文化大學,社會福利,社會福利學門,exact
1161,中國文化大學,行政管理學系,國x2.00 公x1.50 社x1.50,15,124.0,412.5,30.06,18.34,中國文化大學,行政管理,商業及管理學門,exact
1162,中國文化大學,園藝暨生物技術學系,自x2.00 國x2.00 化x1.50,19,143.0,450.0,31.78,22.21,中國文化大學,園藝暨生物技術,農業學門,exact
1163,中國文化大學,動物科學系,國x1.50 自x1.00 生x1.00,24,104.5,287.5,36.35,35.27,中國文化大學,動物科,農業學門,exact
1164,中國文化大學,森林暨自然保育學系(A組),公x1.00 國x1.00 社x1.00,5,75.0,250.0,30.0,18.14,中國文化大學,森林暨自然保育,林業學門,exact
1165,中國文化大學,森林暨自然保育學系(B組),生x2.00 自x1.00 國x1.00,13,106.0,350.0,30.29,18.59,中國文化大學,森林暨自然保育,林業學門,exact
1166,中國文化大學,土地資源學系科技應用組,化x2.00 國x1.25 自x1.00,16,99.25,368.75,26.92,11.34,中國文化大學,土地資源學系科技應用組,,unmapped
1167,中國文化大學,土地資源學系土地管理組,地x1.75 公x1.50 國x1.25,8,114.25,418.75,27.28,12.08,中國文化大學,土地資源學系土地管理組,商業及管理學門,keyword
1170,中國文化大學,生活應用科學系,國x2.00 歷x1.50 公x1.50,18,103.5,450.0,23.0,5.45,中國文化大學,生活應用科,餐旅及民生服務學門,exact
1171,中國文化大學,保健營養學系,化x2.00 自x1.00 國x2.00,30,135.0,425.0,31.76,22.01,中國文化大學,保健營養,生命科學學門,exact
1172,中國文化大學,化學工程與材料工程學系(程序工程組),化x2.00 國x2.00 數甲x1.00,11,142.0,450.0,31.56,21.44,中國文化大學,化學工程與材料工程學系,工程及工程業學門,keyword
1173,中國文化大學,化學工程與材料工程學系(材料工程組),物x2.00 國x2.00 英x1.00,11,148.0,425.0,34.82,30.64,中國文化大學,化學工程與材料工程學系,工程及工程業學門,keyword
1174,中國文化大學,化學工程與材料工程學系(生化工程組),生x2.00 國x2.00 英x1.00,13,146.0,425.0,34.35,29.37,中國文化大學,化學工程與材料工程學系,工程及工程業學門,keyword
1175,中國文化大學,電機工程學系A組,國x2.00 數Ax2.00 物x1.00,22,152.0,400.0,38.0,40.07,中國文化大學,電機工程,工程及工程業學門,exact
1176,中國文化大學,電機工程學系B組,國x2.00 英x1.00 數Ax1.00 物x1.00,20,144.0,400.0,36.0,34.37,中國文化大學,電機工程,工程及工程業學門,exact
1177,中國文化大學,機械工程學系,物x2.00 國x1.00 英x1.00,64,92.0,350.0,26.29,10.21,中國文化大學,機械工程,工程及工程業學門,exact
1200,中國文化大學,紡織科技創新與應用工程學系,國x2.00 英x1.00 化x1.00,8,97.0,325.0,29.85,17.75,中國文化大學,紡織科技創新與應用工程,製造及加工學門,keyword
1201,中國文化大學,資訊工程學系A組,數Ax2.00 物x2.00 國x2.00 英x1.00,65,167.0,575.0,29.04,15.66,中國文化大學,資訊工程,資訊通訊科技學門,exact
1202,中國文化大學,資訊工程學系B組,數Bx2.00 國x2.00 歷x2.00 英x1.00,27,156.0,575.0,27.13,11.71,中國文化大學,資訊工程,資訊通訊科技學門,exact
1203,中國文化大學,國際貿易學系,社x1.00 國x1.00 公x1.00,14,78.0,250.0,31.2,20.4,中國文化大學,國際貿易,商業及管理學門,exact
1204,中國文化大學,國際企業管理學系,國x1.00 社x1.00 公x2.00,18,101.0,350.0,28.86,15.38,中國文化大學,國際企業管理,商業及管理學門,exact
1205,中國文化大學,會計學系,國x2.00 公x1.75 社x1.00,13,121.25,400.0,30.31,18.68,中國文化大學,會計,商業及管理學門,exact
1206,中國文化大學,觀光事業學系,國x1.50 英x1.50 歷x1.00,14,80.5,325.0,24.77,8.24,中國文化大學,觀光事業,餐旅及民生服務學門,exact
1207,中國文化大學,資訊管理學系(智慧商務科技組),公x2.00 國x1.00 英x1.00,18,89.0,350.0,25.43,9.06,中國文化大學,資訊管理學系,資訊通訊科技學門,keyword
1210,中國文化大學,資訊管理學系(人工智慧組),物x2.00 英x1.00 國x1.00,26,89.0,350.0,25.43,9.06,中國文化大學,資訊管理學系,資訊通訊科技學門,keyword
1211,中國文化大學,財務金融學系金融行銷組,公x2.00 歷x2.00 國x1.50,14,139.5,512.5,27.22,11.96,中國文化大學,財務金融學系金融行銷組,商業及管理學門,keyword
1212,中國文化大學,財務金融學系財務金融組,公x2.00 國x1.50 社x1.00,23,115.5,387.5,29.81,17.61,中國文化大學,財務金融學系財務金融組,商業及管理學門,keyword
1213,中國文化大學,財務金融學系數位金融組,公x2.00 歷x1.75 國x1.50,11,135.5,487.5,27.79,13.23,中國文化大學,財務金融學系數位金融組,商業及管理學門,keyword
1214,中國文化大學,行銷學士學位學程,國x1.00 歷x2.00 公x2.00 英x1.00,12,125.0,550.0,22.73,5.19,中國文化大學,行銷學士,商業及管理學門,keyword
1215,中國文化大學,新聞學系,公x2.00 國x1.75 英x1.75,24,107.0,462.5,23.14,5.78,中國文化大學,新聞,新聞學及圖書資訊學門,exact
1216,中國文化大學,廣告學系A組,國x2.00 英x2.00 公x1.00,21,90.0,400.0,22.5,4.91,中國文化大學,廣告,商業及管理學門,exact
1217,中國文化大學,廣告學系B組,術x1.00 國x1.00 公x1.00,1,89.1,175.0,50.91,73.98,中國文化大學,廣告,商業及管理學門,exact
1220,中國文化大學,資訊傳播學系,國x2.00 英x1.00 公x1.75,20,102.0,400.0,25.5,9.14,中國文化大學,資訊傳播,新聞學及圖書資訊學門,exact
1221,中國文化大學,大眾傳播學系,國x2.00 英x1.50 公x1.00 社x1.50,71,125.0,475.0,26.32,10.33,中國文化大學,大眾傳播,新聞學及圖書資訊學門,exact
1222,中國文化大學,美術學系,術x2.00 國x1.00 歷x1.00,8,175.0,175.0,100.0,99.6,中國文化大學,美術,藝術學門,exact
1223,中國文化大學,音樂學系A組,術x2.00 國x1.00 英x1.00 歷x1.00,0,,250.0,,,中國文化大學,音樂,藝術學門,exact
1224,中國文化大學,音樂學系B組,國x2.00 英x1.50 歷x1.00,7,72.0,362.5,19.86,1.92,中國文化大學,音樂,藝術學門,exact
1225,中國文化大學,戲劇學系,國x1.50 英x1.00 歷x1.00,16,80.5,287.5,28.0,13.54,中國文化大學,戲劇,藝術學門,exact
1226,中國文化大學,中國戲劇學系,國x1.00 社x1.00 歷x1.00,8,64.0,250.0,25.6,9.2,中國文化大學,中國戲劇,藝術學門,exact
1227,中國文化大學,都市計劃與開發管理學系不動產投資組,國x2.00 英x2.00 公x1.00,6,96.0,400.0,24.0,6.72,中國文化大學,都市計劃與開發管理學系不動產投資組,建築及營建工程學門,keyword
1230,中國文化大學,"都市計劃與開發管理學系智慧城市與都
市更新組",國x2.00 英x2.00 地x1.00,3,103.0,400.0,25.75,9.51,中國文化大學,都市計劃與開發管理學系智慧城市與都市更新組,建築及營建工程學門,keyword
1231,中國文化大學,建築及都市設計學系建築及室內設計組,國x2.00 英x1.00 地x1.00,12,107.0,325.0,32.92,25.2,中國文化大學,建築及都市設計學系建築及室內設計組,建築及營建工程學門,keyword
1232,中國文化大學,建築及都市設計學系建築及都市設計組,國x2.00 英x1.00 物x1.00,11,109.0,325.0,33.54,27.29,中國文化大學,建築及都市設計學系建築及都市設計組,建築及營建工程學門,keyword
1233,中國文化大學,景觀學系A組,國x2.00 英x2.00 地x1.00,7,104.0,400.0,26.0,9.76,中國文化大學,景觀,建築及營建工程學門,exact
1234,中國文化大學,景觀學系B組,國x2.00 英x1.00 生x2.00,8,133.0,425.0,31.29,20.63,中國文化大學,景觀,建築及營建工程學門,exact
1235,中國文化大學,教育與學習科技學系,公x2.00 社x2.00 國x1.50,8,125.5,462.5,27.14,11.79,中國文化大學,教育與學習科技,教育學門,loose
1236,中國文化大學,心理輔導學系,國x1.50 英x1.00 公x2.00,28,124.5,387.5,32.13,23.08,中國文化大學,心理輔導,社會及行為科學學門,exact
1237,靜宜大學,英國語文學系,英x2.00 國x1.50 公x1.00,18,102.0,362.5,28.14,13.88,靜宜大學,英國語文,語文學門,exact
1240,靜宜大學,西班牙語文學系,國x2.00 英x1.50 歷x1.00,21,87.5,362.5,24.14,6.83,靜宜大學,西班牙語文,語文學門,exact
1241,靜宜大學,日本語文學系,國x2.00 英x1.00 歷x1.50,31,115.5,375.0,30.8,19.84,靜宜大學,日本語文,語文學門,exact
1242,靜宜大學,中國文學系,國x2.00 社x2.00 公x1.00,22,117.0,400.0,29.25,16.2,靜宜大學,中國文,語文學門,exact
1243,靜宜大學,社會工作與兒童少年福利學系,國x2.00 公x2.00 英x1.00,19,130.0,425.0,30.59,19.47,靜宜大學,社會工作與兒童少年福利,社會福利學門,exact
1244,靜宜大學,台灣文學系,國x2.00 社x2.00 歷x1.25,17,130.75,425.0,30.76,19.72,靜宜大學,台灣文,語文學門,exact
1245,靜宜大學,法律學系,國x2.00 公x2.00 歷x1.00,32,180.0,450.0,40.0,45.65,靜宜大學,法律,法律學門,exact
1246,靜宜大學,生態人文學系(自然組),生x2.00 國x1.00 英x1.00,10,115.0,350.0,32.86,24.94,靜宜大學,生態人文學系,,unmapped
1247,靜宜大學,生態人文學系(人文組),公x2.00 國x1.00 英x1.00,3,104.0,350.0,29.71,17.13,靜宜大學,生態人文學系,,unmapped
1250,靜宜大學,大眾傳播學系,國x2.00 英x2.00 歷x1.75,16,145.25,475.0,30.58,19.33,靜宜大學,大眾傳播,新聞學及圖書資訊學門,exact
1251,靜宜大學,財務工程學系(智慧金融組),數Bx2.00 國x2.00 公x1.00,7,144.0,400.0,36.0,34.37,靜宜大學,財務工程學系,商業及管理學門,keyword
1252,靜宜大學,財務工程學系(數位金融組),數Bx2.00 國x2.00 物x1.00,6,156.0,400.0,39.0,43.23,靜宜大學,財務工程學系,商業及管理學門,keyword
1253,靜宜大學,應用化學系,化x2.00 自x2.00 國x1.75,18,197.0,481.25,40.94,48.22,靜宜大學,應用化,物理、化學及地球科學學門,exact
1254,靜宜大學,食品營養學系,自x2.00 國x2.00 化x1.00,14,167.0,400.0,41.75,50.48,靜宜大學,食品營養,生命科學學門,exact
1255,靜宜大學,化粧品科學系(化粧品化學組),化x2.00 國x2.00 英x1.00,11,147.0,425.0,34.59,29.8,靜宜大學,化粧品科學系,,unmapped
1256,靜宜大學,化粧品科學系(生醫科學組),生x2.00 國x2.00 英x1.00,6,158.0,425.0,37.18,37.75,靜宜大學,化粧品科學系,,unmapped
1257,靜宜大學,"資料科學暨大數據分析與應用學系(人工
智慧應用組)",數乙x2.00 國x1.50 物x1.00,16,122.0,412.5,29.58,16.65,靜宜大學,資料科學暨大數據分析與應用學系(人工智慧應用組),資訊通訊科技學門,keyword
1260,靜宜大學,"資料科學暨大數據分析與應用學系(大數
據應用組)",數乙x2.00 國x1.50 英x1.00,6,119.0,387.5,30.71,19.64,靜宜大學,資料科學暨大數據分析與應用學系(大數據應用組),資訊通訊科技學門,keyword
1261,靜宜大學,永續環境與智慧科技學士學位學程,自x2.00 國x2.00 化x1.00,10,152.0,400.0,38.0,40.07,靜宜大學,永續環境與智慧科技學士,環境學門,keyword
1262,靜宜大學,行銷與數位經營管理學系,國x2.00 英x1.00 歷x1.50,18,120.0,375.0,32.0,22.71,靜宜大學,行銷與數位經營管理,商業及管理學門,keyword
1263,靜宜大學,國際企業學系(國際經營與行銷組),英x1.50 國x1.50 公x1.00,8,108.0,325.0,33.23,26.58,靜宜大學,國際企業學系,商業及管理學門,keyword
1264,靜宜大學,國際企業學系(國際貿易與運籌組),英x1.50 國x1.50 歷x1.00,7,104.0,325.0,32.0,22.71,靜宜大學,國際企業學系,商業及管理學門,keyword
1265,靜宜大學,會計學系,國x2.00 英x1.00 歷x2.00,40,134.0,425.0,31.53,21.33,靜宜大學,會計,商業及管理學門,exact
1266,靜宜大學,觀光事業學系,國x1.00 地x1.00 歷x1.00,32,85.0,275.0,30.91,20.03,靜宜大學,觀光事業,餐旅及民生服務學門,exact
1267,靜宜大學,財務金融學系(金融管理組),國x2.00 英x1.50 歷x2.00,21,156.0,462.5,33.73,28.05,靜宜大學,財務金融學系,商業及管理學門,keyword
1270,靜宜大學,財務金融學系(投資管理組),國x2.00 英x1.50 地x2.00,15,161.5,462.5,34.92,31.04,靜宜大學,財務金融學系,商業及管理學門,keyword
1271,靜宜大學,資訊管理學系(人工智慧應用組),英x1.75 國x2.00 物x1.50,6,168.0,431.25,38.96,43.06,靜宜大學,資訊管理學系,資訊通訊科技學門,keyword
1272,靜宜大學,資訊管理學系(巨量資料管理組),英x1.50 國x2.00 歷x1.75,5,147.75,437.5,33.77,28.16,靜宜大學,資訊管理學系,資訊通訊科技學門,keyword
1273,靜宜大學,資訊管理學系(智慧商務應用組),英x1.00 國x2.00 公x1.75,5,145.75,400.0,36.44,35.44,靜宜大學,資訊管理學系,資訊通訊科技學門,keyword
1274,靜宜大學,資訊工程學系(智慧電子與IC設計組),物x2.00 數Bx1.00 英x1.00,7,120.0,350.0,34.29,29.18,靜宜大學,資訊工程學系,資訊通訊科技學門,keyword
1275,靜宜大學,資訊工程學系(智慧晶片與機器人組),數Bx1.50 英x1.00 歷x1.00,7,91.0,287.5,31.65,21.73,靜宜大學,資訊工程學系,資訊通訊科技學門,keyword
1276,靜宜大學,資訊工程學系(物聯網與大數據組),數Bx1.50 國x2.00 化x1.50,7,161.0,412.5,39.03,43.28,靜宜大學,資訊工程學系,資訊通訊科技學門,keyword
1277,靜宜大學,人工智慧應用學系(元宇宙應用創作組),國x2.00 歷x2.00 英x1.00,10,138.0,425.0,32.47,23.93,靜宜大學,人工智慧應用學系,資訊通訊科技學門,keyword
1300,靜宜大學,"人工智慧應用學系(人工智慧與遊戲設計
組)",國x2.00 物x2.00 英x1.00,24,141.0,425.0,33.18,26.19,靜宜大學,人工智慧應用學系(人工智慧與遊戲設計組),資訊通訊科技學門,keyword
1301,靜宜大學,晶片設計學士學位學程,數Ax1.50 國x2.00 物x1.00,13,128.0,362.5,35.31,32.08,靜宜大學,晶片設計學士,藝術學門,keyword
1302,靜宜大學,寰宇管理學士學位學程,英x2.00 國x1.50 公x1.00,1,128.0,362.5,35.31,32.08,靜宜大學,寰宇管理學士,商業及管理學門,exact
1303,靜宜大學,寰宇外語教育學士學位學程,英x2.00 國x1.75 公x1.50,9,108.25,431.25,25.1,8.69,靜宜大學,寰宇外語教育學士,教育學門,keyword
1304,靜宜大學,智慧媒體與創新科技應用學士學位學程,英x2.00 國x1.50 公x1.00,7,95.0,362.5,26.21,10.1,靜宜大學,智慧媒體與創新科技應用學士,藝術學門,keyword
1305,大同大學,機械與材料工程學系,數甲x2.00 英x1.75 國x2.00,36,157.75,481.25,32.78,24.66,大同大學,機械與材料工程,工程及工程業學門,keyword
1306,大同大學,化學工程與生物科技學系(化學工程組),化x2.00 英x1.75 國x2.00,13,181.5,481.25,37.71,39.59,大同大學,化學工程與生物科技學系,工程及工程業學門,keyword
1307,大同大學,化學工程與生物科技學系(生物科技組),生x2.00 英x1.75 國x2.00,13,179.0,481.25,37.19,37.84,大同大學,化學工程與生物科技學系,工程及工程業學門,keyword
1310,大同大學,工程學院學士班,物x2.00 英x1.75 國x1.50,14,152.25,443.75,34.31,29.23,大同大學,工程學院學士班,,unmapped
1311,大同大學,電機工程學系(甲組),數甲x1.00 英x1.00 國x1.00,10,102.0,250.0,40.8,47.88,大同大學,電機工程學系,工程及工程業學門,keyword
1312,大同大學,電機工程學系(乙組),物x1.00 英x1.00 數Ax1.00 國x1.00,13,125.0,325.0,38.46,41.42,大同大學,電機工程學系,工程及工程業學門,keyword
1313,大同大學,資訊工程學系(甲組),英x1.50 國x1.00 物x1.00,20,108.5,287.5,37.74,39.67,大同大學,資訊工程學系,資訊通訊科技學門,keyword
1314,大同大學,資訊工程學系(乙組),數Bx2.00 英x1.50 國x1.00 公x1.00,10,162.5,437.5,37.14,37.7,大同大學,資訊工程學系,資訊通訊科技學門,keyword
1315,大同大學,事業與資訊經營學系(甲組),國x1.00 英x1.00 公x1.00,8,75.0,250.0,30.0,18.14,大同大學,事業與資訊經營學系,資訊通訊科技學門,keyword
1316,大同大學,事業與資訊經營學系(乙組),國x1.00 英x1.00 物x1.00,8,73.0,250.0,29.2,16.03,大同大學,事業與資訊經營學系,資訊通訊科技學門,keyword
1317,大同大學,事業與資訊經營學系(丙組),國x1.00 英x1.00 歷x1.00,8,70.0,250.0,28.0,13.54,大同大學,事業與資訊經營學系,資訊通訊科技學門,keyword
1320,大同大學,工業設計學系(自然一組),英x2.00 數甲x1.00 國x2.00,3,147.0,400.0,36.75,36.23,大同大學,工業設計學系,藝術學門,keyword
1321,大同大學,工業設計學系(自然二組),英x1.75 物x2.00 國x1.00,3,128.25,406.25,31.57,21.5,大同大學,工業設計學系,藝術學門,keyword
1322,大同大學,工業設計學系(社會一組),英x2.00 歷x2.00 數Bx1.00,5,125.0,425.0,29.41,16.48,大同大學,工業設計學系,藝術學門,keyword
1323,大同大學,工業設計學系(社會二組),國x2.00 歷x2.00 地x1.75,5,213.75,525.0,40.71,47.57,大同大學,工業設計學系,藝術學門,keyword
1324,大同大學,"數位媒體設計學系互動媒體設計組(自然
組)",國x1.00 英x1.00 數乙x2.00,8,112.0,350.0,32.0,22.71,大同大學,數位媒體設計學系互動媒體設計組(自然組),藝術學門,keyword
1325,大同大學,"數位媒體設計學系互動媒體設計組(社會
組)",國x1.00 英x1.00 歷x2.00,11,107.0,350.0,30.57,19.19,大同大學,數位媒體設計學系互動媒體設計組(社會組),藝術學門,keyword
1326,大同大學,"數位媒體設計學系數位遊戲設計組(自然
組)",國x1.00 數Bx1.00 物x2.00,8,107.0,350.0,30.57,19.19,大同大學,數位媒體設計學系數位遊戲設計組(自然組),藝術學門,keyword
1327,大同大學,"數位媒體設計學系數位遊戲設計組(社會
組)",國x1.00 數Bx1.00 歷x2.00,7,115.0,350.0,32.86,24.94,大同大學,數位媒體設計學系數位遊戲設計組(社會組),藝術學門,keyword
1330,大同大學,應用外語學系,英x2.00 國x2.00 歷x1.75,12,136.5,475.0,28.74,14.95,大同大學,應用外語,語文學門,exact
1331,輔仁大學,中國文學系,國x2.00 歷x1.00 英x1.00,47,136.0,325.0,41.85,50.82,輔仁大學,中國文,語文學門,exact
1332,輔仁大學,歷史學系,歷x2.00 國x2.00 英x1.00,57,184.0,425.0,43.29,54.01,輔仁大學,歷史,人文學門,exact
1333,輔仁大學,哲學系,國x2.00 公x2.00 英x1.00,53,165.0,425.0,38.82,42.86,輔仁大學,哲,人文學門,exact
1334,輔仁大學,人文與社區創新學士學位學程,公x2.00 社x1.50 國x1.50,18,195.0,425.0,45.88,61.29,輔仁大學,人文與社區創新學士,,unmapped
1335,輔仁大學,音樂學系,術x2.00 國x1.00 歷x1.00,6,225.18,175.0,128.67,100.0,輔仁大學,音樂,藝術學門,exact
1336,輔仁大學,應用美術學系,國x2.00 英x2.00 歷x1.50,4,227.5,450.0,50.56,72.8,輔仁大學,應用美術,藝術學門,exact
1337,輔仁大學,景觀設計學系(社會組),英x1.50 國x1.50 地x1.00 歷x1.00,22,172.5,425.0,40.59,47.23,輔仁大學,景觀設計學系,建築及營建工程學門,keyword
1340,輔仁大學,景觀設計學系(自然組),英x1.50 國x1.50 生x1.00,9,141.0,325.0,43.38,54.2,輔仁大學,景觀設計學系,建築及營建工程學門,keyword
1341,輔仁大學,影像傳播學系,英x2.00 國x2.00 公x1.00,23,204.0,400.0,51.0,74.15,輔仁大學,影像傳播,新聞學及圖書資訊學門,exact
1342,輔仁大學,新聞傳播學系,公x2.00 國x2.00 英x1.00,21,207.0,425.0,48.71,67.61,輔仁大學,新聞傳播,新聞學及圖書資訊學門,exact
1343,輔仁大學,廣告傳播學系,英x2.00 國x1.50 數Bx1.00 公x1.00,22,202.0,437.5,46.17,62.02,輔仁大學,廣告傳播,商業及管理學門,exact
1344,輔仁大學,圖書資訊學系,英x1.00 國x2.00 數乙x2.00,20,171.0,425.0,40.24,46.28,輔仁大學,圖書資訊,新聞學及圖書資訊學門,exact
1345,輔仁大學,體育學系體育學組,英x2.00 國x2.00 生x1.00,2,187.0,400.0,46.75,63.12,輔仁大學,體育學系體育學組,,unmapped
1346,輔仁大學,體育學系運動健康管理組,英x2.00 國x2.00 生x1.00,2,195.0,400.0,48.75,67.95,輔仁大學,體育學系運動健康管理組,商業及管理學門,keyword
1347,輔仁大學,教育領導與科技發展學士學位學程,公x1.00 國x2.00 英x2.00,19,176.0,400.0,44.0,56.01,輔仁大學,教育領導與科技發展學士,教育學門,keyword
1350,輔仁大學,護理學系,英x1.50 生x1.50 國x1.00,71,139.5,337.5,41.33,49.35,輔仁大學,護理,醫藥衛生學門,exact
1351,輔仁大學,公共衛生學系,英x1.50 國x1.50 化x1.00,26,140.0,325.0,43.08,53.5,輔仁大學,公共衛生,醫藥衛生學門,exact
1352,輔仁大學,醫學系(自費),生x1.00 英x1.00 化x1.00 數甲x1.00 物x1.00,26,271.0,475.0,57.05,89.84,輔仁大學,醫,醫藥衛生學門,loose
1353,輔仁大學,醫學系(公費),生x1.25 英x1.25 化x1.00 數甲x1.00 物x1.00,3,293.0,518.75,56.48,88.04,輔仁大學,醫,醫藥衛生學門,loose
1354,輔仁大學,臨床心理學系,英x2.00 國x1.25 數甲x1.00,12,186.5,343.75,54.25,82.51,輔仁大學,臨床心理,社會及行為科學學門,exact
1355,輔仁大學,職能治療學系,英x2.00 生x2.00 國x1.25,27,234.25,443.75,52.79,79.12,輔仁大學,職能治療,醫藥衛生學門,exact
1356,輔仁大學,呼吸治療學系,英x1.25 生x1.25 化x1.00,17,139.75,318.75,43.84,55.47,輔仁大學,呼吸治療,醫藥衛生學門,exact
1357,輔仁大學,數學系資訊數學組,數甲x2.00 英x1.25 國x1.25,15,146.0,387.5,37.68,39.5,輔仁大學,數學系資訊數學組,資訊通訊科技學門,keyword
1360,輔仁大學,數學系應用數學組,數甲x2.00 英x1.25 國x1.25,13,141.5,387.5,36.52,35.64,輔仁大學,數學系應用數學組,數學及統計學門,keyword
1361,輔仁大學,化學系,化x2.00 英x1.50 數甲x1.50,38,156.5,462.5,33.84,28.3,輔仁大學,化,物理、化學及地球科學學門,exact
1362,輔仁大學,資訊工程學系,數甲x1.00 英x1.00 國x1.50,46,134.0,287.5,46.61,62.64,輔仁大學,資訊工程,資訊通訊科技學門,exact
1363,輔仁大學,生命科學系,生x2.00 英x1.00 化x1.50,20,157.5,425.0,37.06,37.64,輔仁大學,生命科,生命科學學門,exact
1364,輔仁大學,物理學系電子物理組,數甲x1.50 物x2.00 國x1.00 英x1.00,26,179.5,500.0,35.9,33.94,輔仁大學,物理學系電子物理組,工程及工程業學門,keyword
1365,輔仁大學,物理學系光電物理組,數甲x1.50 物x2.00 國x1.00 英x1.00,21,177.0,500.0,35.4,32.62,輔仁大學,物理學系光電物理組,工程及工程業學門,keyword
1366,輔仁大學,電機工程學系,數甲x1.00 英x1.00 物x1.00 國x1.00,42,149.0,350.0,42.57,52.09,輔仁大學,電機工程,工程及工程業學門,exact
1367,輔仁大學,醫學資訊與創新應用學士學位學程,數甲x1.00 英x1.00 國x1.00,20,100.0,250.0,40.0,45.65,輔仁大學,醫學資訊與創新應用學士,醫藥衛生學門,keyword
1370,輔仁大學,人工智慧與資訊安全學士學位學程,數甲x1.00 英x1.00 國x1.00,19,105.0,250.0,42.0,51.27,輔仁大學,人工智慧與資訊安全學士,資訊通訊科技學門,keyword
1371,輔仁大學,英國語文學系,英x2.00 國x1.50 歷x1.00,14,200.0,362.5,55.17,84.37,輔仁大學,英國語文,語文學門,exact
1372,輔仁大學,法國語文學系,英x2.00 國x2.00 歷x1.00,16,200.0,400.0,50.0,70.91,輔仁大學,法國語文,語文學門,exact
1373,輔仁大學,西班牙語文學系,英x2.00 國x2.00 歷x1.00,26,192.0,400.0,48.0,66.06,輔仁大學,西班牙語文,語文學門,exact
1374,輔仁大學,日本語文學系,國x1.50 英x1.50 歷x1.00 公x1.00,27,202.0,425.0,47.53,64.93,輔仁大學,日本語文,語文學門,exact
1375,輔仁大學,義大利語文學系,英x2.00 國x2.00 歷x1.00,13,189.0,400.0,47.25,64.16,輔仁大學,義大利語文,語文學門,exact
1376,輔仁大學,德語語文學系,國x1.50 英x1.50 歷x1.25,22,160.75,350.0,45.93,61.37,輔仁大學,德語語文,語文學門,exact
1377,輔仁大學,國際溝通與科技創新學士學位學程,英x2.00 國x2.00 歷x1.00,10,208.0,400.0,52.0,76.61,輔仁大學,國際溝通與科技創新學士,,unmapped
1400,輔仁大學,織品服裝學系織品設計組,英x2.00 國x1.50 歷x1.00,14,147.5,362.5,40.69,47.52,輔仁大學,織品服裝學系織品設計組,藝術學門,keyword
1401,輔仁大學,織品服裝學系服飾設計組,英x2.00 國x1.50 歷x1.00,16,155.0,362.5,42.76,52.37,輔仁大學,織品服裝學系服飾設計組,藝術學門,keyword
1402,輔仁大學,織品服裝學系織品服飾行銷組,英x2.00 國x1.50 歷x1.00,18,161.5,362.5,44.55,57.79,輔仁大學,織品服裝學系織品服飾行銷組,商業及管理學門,keyword
1403,輔仁大學,餐旅管理學系,英x2.00 國x2.00 公x1.50,37,182.5,450.0,40.56,47.12,輔仁大學,餐旅管理,餐旅及民生服務學門,exact
1404,輔仁大學,兒童與家庭學系,國x2.00 英x2.00 公x1.50,16,197.5,450.0,43.89,55.53,輔仁大學,兒童與家庭,社會福利學門,exact
1405,輔仁大學,食品科學系,化x2.00 英x1.00 國x1.00,17,134.0,350.0,38.29,40.63,輔仁大學,食品科,製造及加工學門,exact
1406,輔仁大學,營養科學系,英x2.00 化x2.00 生x2.00 國x1.00,11,269.0,625.0,43.04,53.27,輔仁大學,營養科,生命科學學門,exact
1407,輔仁大學,法律學系,國x1.00 公x1.00 英x1.00 歷x1.00,64,184.0,350.0,52.57,78.33,輔仁大學,法律,法律學門,exact
1410,輔仁大學,財經法律學系,國x1.00 公x1.00 英x1.00 歷x1.00,33,183.0,350.0,52.29,77.74,輔仁大學,財經法律,法律學門,exact
1411,輔仁大學,企業管理學系,數乙x1.00 英x2.00 公x1.00 國x1.00,45,199.0,425.0,46.82,63.52,輔仁大學,企業管理,商業及管理學門,exact
1412,輔仁大學,會計學系,數乙x1.50 英x1.25 國x1.00,67,145.5,318.75,45.65,60.52,輔仁大學,會計,商業及管理學門,exact
1413,輔仁大學,資訊管理學系,數乙x2.00 英x2.00 國x1.00,18,207.0,425.0,48.71,67.61,輔仁大學,資訊管理,資訊通訊科技學門,exact
1414,輔仁大學,統計資訊學系,數乙x2.00 英x2.00 國x1.00,21,188.0,425.0,44.24,56.88,輔仁大學,統計資訊,數學及統計學門,exact
1415,輔仁大學,金融與國際企業學系,英x2.00 數乙x2.00 國x1.00,23,222.0,425.0,52.24,77.51,輔仁大學,金融與國際企業,商業及管理學門,exact
1416,輔仁大學,社會學系,公x2.00 英x2.00 國x1.00,24,183.0,425.0,43.06,53.39,輔仁大學,社會,社會及行為科學學門,exact
1417,輔仁大學,社會工作學系,國x1.50 地x1.50 英x1.00,26,144.5,337.5,42.81,52.65,輔仁大學,社會工作,社會福利學門,exact
1420,輔仁大學,經濟學系,數Bx2.00 英x2.00 公x1.00,67,172.0,400.0,43.0,53.19,輔仁大學,經濟,社會及行為科學學門,exact
1421,輔仁大學,宗教學系,國x2.00 歷x1.00 英x1.00,7,127.0,325.0,39.08,43.59,輔仁大學,宗教,人文學門,exact
1422,輔仁大學,心理學系,英x1.00 國x1.00 數Bx1.00 公x2.00,12,215.0,425.0,50.59,72.88,輔仁大學,心理,社會及行為科學學門,exact
1423,國立臺灣海洋大學,商船學系,英x2.00 數Ax1.50 物x1.50 國x1.00,14,217.0,487.5,44.51,57.67,國立台灣海洋大學,商船,運輸服務學門,exact
1424,國立臺灣海洋大學,航運管理學系,英x2.00 數乙x1.50 國x1.00 地x1.00,19,221.5,475.0,46.63,62.81,國立台灣海洋大學,航運管理,運輸服務學門,exact
1425,國立臺灣海洋大學,運輸科學系A組,英x2.00 數乙x2.00 國x1.00,8,210.0,425.0,49.41,69.75,國立台灣海洋大學,運輸科,運輸服務學門,exact
1426,國立臺灣海洋大學,運輸科學系B組,英x2.00 數甲x2.00 國x1.00,8,182.0,425.0,42.82,52.71,國立台灣海洋大學,運輸科,運輸服務學門,exact
1427,國立臺灣海洋大學,輪機工程學系,英x1.50 物x1.50 數甲x1.50 化x1.00 國x1.00,28,229.5,587.5,39.06,43.4,國立台灣海洋大學,輪機工程,工程及工程業學門,exact
1430,國立臺灣海洋大學,海洋觀光管理學士學位學程,英x2.00 國x1.50 數乙x1.00 地x1.00,8,191.0,462.5,41.3,49.27,國立台灣海洋大學,海洋觀光管理學士,商業及管理學門,exact
1431,國立臺灣海洋大學,海洋經營管理學士學位學程,英x2.00 數乙x1.00 國x1.00 歷x1.00,5,196.0,425.0,46.12,61.79,國立台灣海洋大學,海洋經營管理學士,物理、化學及地球科學學門,keyword
1432,國立臺灣海洋大學,食品科學系,化x2.00 英x2.00 生x2.00 自x1.00 國x1.00,33,251.0,700.0,35.86,33.78,國立台灣海洋大學,食品科,製造及加工學門,exact
1433,國立臺灣海洋大學,水產養殖學系,生x2.00 英x1.50 化x1.50 國x1.00,20,179.5,537.5,33.4,26.86,國立台灣海洋大學,水產養殖,漁業學門,exact
1434,國立臺灣海洋大學,生命科學暨生物科技學系,生x2.00 英x1.00 化x1.00 國x1.50,22,207.0,487.5,42.46,51.95,國立台灣海洋大學,生命科學暨生物科技,生命科學學門,exact
1435,國立臺灣海洋大學,海洋生物科技學士學位學程,生x1.50 英x1.50 化x1.50 國x1.00,9,190.0,487.5,38.97,43.12,國立台灣海洋大學,海洋生物科技學士,物理、化學及地球科學學門,keyword
1436,國立臺灣海洋大學,環境生物與漁業科學學系,英x2.00 生x1.50 國x1.00,13,148.0,375.0,39.47,44.36,國立台灣海洋大學,環境生物與漁業科學,漁業學門,exact
1437,國立臺灣海洋大學,海洋環境資訊系,英x1.50 數甲x1.50 物x1.50 化x1.00 國x1.00,10,226.5,587.5,38.55,41.87,國立台灣海洋大學,海洋環境資訊,物理、化學及地球科學學門,exact
1440,國立臺灣海洋大學,機械與機電工程學系,數甲x1.50 物x1.50 英x1.50 化x1.00 國x1.00,39,259.0,587.5,44.09,56.32,國立台灣海洋大學,機械與機電工程,工程及工程業學門,exact
1441,國立臺灣海洋大學,系統工程暨造船學系,數甲x1.75 物x1.50 英x1.00,16,147.25,400.0,36.81,36.79,國立台灣海洋大學,系統工程暨造船,工程及工程業學門,exact
1442,國立臺灣海洋大學,河海工程學系,數甲x1.50 物x1.25 英x1.00 化x1.00 國x1.00,17,190.25,525.0,36.24,34.9,國立台灣海洋大學,河海工程,工程及工程業學門,exact
1443,國立臺灣海洋大學,海洋工程科技學士學位學程,數甲x1.50 物x1.50 英x1.50 國x1.00,7,209.0,487.5,42.87,52.88,國立台灣海洋大學,海洋工程科技學士,物理、化學及地球科學學門,keyword
1444,國立臺灣海洋大學,電機工程學系,數甲x1.00 英x1.00 物x1.00 國x1.00 化x1.00,37,219.0,450.0,48.67,67.41,國立台灣海洋大學,電機工程,工程及工程業學門,exact
1445,國立臺灣海洋大學,資訊工程學系,數甲x1.00 英x1.00 物x1.00 國x1.00,36,171.0,350.0,48.86,68.23,國立台灣海洋大學,資訊工程,資訊通訊科技學門,exact
1446,國立臺灣海洋大學,通訊與導航工程學系,數Ax1.50 物x1.50 英x1.00,16,164.0,337.5,48.59,67.1,國立台灣海洋大學,通訊與導航工程,工程及工程業學門,exact
1447,國立臺灣海洋大學,光電與材料科技學系,數甲x1.50 物x1.50 英x1.25 化x1.00,14,215.75,493.75,43.7,54.97,國立台灣海洋大學,光電與材料科技,工程及工程業學門,keyword
1450,國立臺灣海洋大學,海洋法政學士學位學程,英x2.00 國x1.50 公x1.00,14,181.5,362.5,50.07,71.16,國立台灣海洋大學,海洋法政學士,物理、化學及地球科學學門,keyword
1451,國立臺灣海洋大學,海洋文創設計產業學士學位學程,國x1.00 公x1.00 英x1.00,11,103.0,250.0,41.2,48.84,國立台灣海洋大學,海洋文創設計產業學士,物理、化學及地球科學學門,keyword
1452,國立高雄師範大學,國文學系,國x2.00 英x1.25 歷x1.25,40,175.25,368.75,47.53,64.93,國立高雄師範大學,國文,語文學門,exact
1453,國立高雄師範大學,英語學系,英x2.00 國x1.75 歷x1.50,57,206.5,431.25,47.88,65.69,國立高雄師範大學,英語,語文學門,exact
1454,國立高雄師範大學,地理學系,地x1.50 英x1.50 社x1.00 國x1.00,19,212.5,412.5,51.52,75.62,國立高雄師範大學,地理,社會及行為科學學門,exact
1455,國立高雄師範大學,數學系數學組,數甲x2.00 數Ax2.00 英x1.25 物x1.00,19,210.75,543.75,38.76,42.58,國立高雄師範大學,數學系數學組,數學及統計學門,keyword
1456,國立高雄師範大學,數學系應用數學組,數甲x2.00 數Ax2.00 英x1.25 物x1.00,20,216.5,543.75,39.82,45.32,國立高雄師範大學,數學系應用數學組,數學及統計學門,keyword
1457,國立高雄師範大學,化學系,化x1.00 英x1.00 數甲x1.00,24,119.0,275.0,43.27,53.95,國立高雄師範大學,化,物理、化學及地球科學學門,exact
1460,國立高雄師範大學,物理學系,物x1.00 數甲x1.00 英x1.00 化x1.00 國x1.00,17,198.0,450.0,44.0,56.01,國立高雄師範大學,物理,物理、化學及地球科學學門,exact
1461,國立高雄師範大學,生物科技系,生x1.50 英x1.25 國x1.25 數甲x1.00,23,187.5,437.5,42.86,52.82,國立高雄師範大學,生物科技,生命科學學門,exact
1462,國立高雄師範大學,教育學系,國x1.50 英x1.75 數Bx1.75 公x1.00,13,224.0,475.0,47.16,63.94,國立高雄師範大學,教育,教育學門,exact
1463,國立高雄師範大學,特殊教育學系,國x1.25 英x1.25 公x1.00,14,138.0,287.5,48.0,66.06,國立高雄師範大學,特殊教育,教育學門,exact
1464,國立高雄師範大學,體育學系,英x2.00 國x2.00 生x2.00 術x1.00 數Bx1.00,9,256.47,575.0,44.6,58.07,國立高雄師範大學,體育,教育學門,exact
1465,國立高雄師範大學,事業經營學系,英x2.00 數Bx1.75 國x1.50 公x1.00,11,234.0,493.75,47.39,64.33,國立高雄師範大學,事業經營,商業及管理學門,exact
1466,國立高雄師範大學,工業科技教育學系科技教育與訓練組,數甲x1.25 物x1.25 英x1.25 國x1.00,5,174.0,418.75,41.55,49.94,國立高雄師範大學,工業科技教育學系科技教育與訓練組,教育學門,keyword
1467,國立高雄師範大學,工業科技教育學系能源與冷凍空調組,數甲x1.00 物x1.00 英x1.00,4,104.0,275.0,37.82,39.79,國立高雄師範大學,工業科技教育學系能源與冷凍空調組,工程及工程業學門,keyword
1470,國立高雄師範大學,工業設計學系,英x2.00 國x1.00 歷x1.00,14,152.0,325.0,46.77,63.26,國立高雄師範大學,工業設計,藝術學門,exact
1471,國立高雄師範大學,電子工程學系,物x1.50 數甲x1.25 英x1.00 國x1.00,20,194.5,425.0,45.76,61.09,國立高雄師範大學,電子工程,工程及工程業學門,exact
1472,國立高雄師範大學,軟體工程與管理學系,數甲x1.00 英x1.00 國x1.00,13,126.0,250.0,50.4,72.35,國立高雄師範大學,軟體工程與管理,資訊通訊科技學門,exact
1473,國立高雄師範大學,電機工程學系,數甲x1.00 物x1.00 英x1.00 化x1.00 國x1.00,28,208.0,450.0,46.22,62.13,國立高雄師範大學,電機工程,工程及工程業學門,loose
1474,國立高雄師範大學,美術學系,術x2.00 國x1.00 英x1.00 歷x1.00,15,230.06,250.0,92.02,99.1,國立高雄師範大學,美術,藝術學門,exact
1475,國立高雄師範大學,音樂學系,術x2.00 英x1.00 國x1.00 歷x1.00,6,245.4,250.0,98.16,99.49,國立高雄師範大學,音樂,藝術學門,exact
1476,國立高雄師範大學,視覺設計學系,術x2.00 國x1.00 英x1.00 歷x1.00,18,235.0,250.0,94.0,99.27,國立高雄師範大學,視覺設計,藝術學門,exact
1477,國立彰化師範大學,輔導與諮商學系學校輔導與諮商組,國x2.00 英x2.00 公x1.00 社x1.00 歷x1.00,13,332.0,575.0,57.74,91.03,國立彰化師範大學,輔導與諮商學系學校輔導與諮商組,教育學門,keyword
1500,國立彰化師範大學,輔導與諮商學系社區輔導與諮商組,國x2.00 英x2.00 公x1.50 社x1.00 歷x1.00,14,342.5,625.0,54.8,83.69,國立彰化師範大學,輔導與諮商學系社區輔導與諮商組,教育學門,keyword
1501,國立彰化師範大學,特殊教育學系,國x1.25 英x1.25 公x1.00,15,146.0,287.5,50.78,73.62,國立彰化師範大學,特殊教育,教育學門,exact
1502,國立彰化師範大學,數學系,數甲x2.00 英x1.00 自x1.00,36,152.0,350.0,43.43,54.29,國立彰化師範大學,數,數學及統計學門,exact
1503,國立彰化師範大學,物理學系物理組,物x2.00 數Ax1.50 英x1.00,15,183.0,387.5,47.23,64.11,國立彰化師範大學,物理學系物理組,物理、化學及地球科學學門,keyword
1504,國立彰化師範大學,物理學系光電組,物x2.00 數Ax1.50 英x1.00,18,184.5,387.5,47.61,65.07,國立彰化師範大學,物理學系光電組,工程及工程業學門,keyword
1505,國立彰化師範大學,生物學系,生x2.00 英x1.75 化x1.50 國x1.00,22,250.25,556.25,44.99,59.14,國立彰化師範大學,生物,生命科學學門,exact
1506,國立彰化師範大學,化學系,化x2.00 物x1.25 數Ax1.25 英x1.00,28,225.75,493.75,45.72,60.84,國立彰化師範大學,化,物理、化學及地球科學學門,exact
1507,國立彰化師範大學,英語學系(社會組),英x1.50 國x1.00 歷x1.00,31,146.0,287.5,50.78,73.62,國立彰化師範大學,英語學系,語文學門,keyword
1510,國立彰化師範大學,英語學系(自然組),英x1.50 國x1.00 化x1.00,3,157.5,287.5,54.78,83.61,國立彰化師範大學,英語學系,語文學門,keyword
1511,國立彰化師範大學,國文學系,國x1.50 歷x1.00 英x1.00,57,135.5,287.5,47.13,63.83,國立彰化師範大學,國文,語文學門,exact
1512,國立彰化師範大學,地理學系,地x1.50 英x1.25 數Bx1.00 公x1.25,20,203.0,443.75,45.75,61.0,國立彰化師範大學,地理,社會及行為科學學門,exact
1513,國立彰化師範大學,美術學系,術x2.00 國x1.00 英x1.00 歷x1.00,12,236.24,250.0,94.5,99.32,國立彰化師範大學,美術,藝術學門,exact
1514,國立彰化師範大學,機電工程學系,數甲x2.00 物x2.00 英x2.00 化x1.00 國x1.00,24,320.0,725.0,44.14,56.49,國立彰化師範大學,機電工程,工程及工程業學門,exact
1515,國立彰化師範大學,電機工程學系,數甲x2.00 物x2.00 英x1.00,31,210.0,475.0,44.21,56.69,國立彰化師範大學,電機工程,工程及工程業學門,exact
1516,國立彰化師範大學,電子工程學系,物x2.00 數甲x2.00 英x2.00 化x1.00 國x1.00,24,336.0,725.0,46.34,62.36,國立彰化師範大學,電子工程,工程及工程業學門,exact
1517,國立彰化師範大學,資訊工程學系,數甲x2.00 英x1.50 物x1.50,28,200.5,462.5,43.35,54.12,國立彰化師範大學,資訊工程,資訊通訊科技學門,exact
1520,國立彰化師範大學,企業管理學系,英x2.00 國x1.00 公x1.00,25,163.0,325.0,50.15,71.78,國立彰化師範大學,企業管理,商業及管理學門,exact
1521,國立彰化師範大學,會計學系,英x2.00 國x1.00 公x1.00,51,163.0,325.0,50.15,71.78,國立彰化師範大學,會計,商業及管理學門,exact
1522,國立彰化師範大學,資訊管理學系資訊管理組,英x2.00 數Bx2.00 國x1.00 歷x1.00,13,238.0,475.0,50.11,71.33,國立彰化師範大學,資訊管理學系資訊管理組,資訊通訊科技學門,keyword
1523,國立彰化師範大學,資訊管理學系數位內容科技與管理組,英x2.00 數Ax2.00 國x1.00 物x1.00,14,238.0,475.0,50.11,71.33,國立彰化師範大學,資訊管理學系數位內容科技與管理組,資訊通訊科技學門,keyword
1524,國立彰化師範大學,運動學系,英x2.00 國x2.00 生x1.00 術x1.00,5,217.38,400.0,54.34,82.79,國立彰化師範大學,運動,教育學門,exact
1525,國立彰化師範大學,公共事務與公民教育學系公民教育組,公x2.00 國x1.25 英x1.25 歷x1.00,5,250.75,487.5,51.44,75.31,國立彰化師範大學,公共事務與公民教育學系公民教育組,教育學門,keyword
1526,國立彰化師範大學,公共事務與公民教育學系公共事務組,公x2.00 國x1.25 英x1.25 歷x1.00,10,244.75,487.5,50.21,71.95,國立彰化師範大學,公共事務與公民教育學系公共事務組,教育學門,keyword
1527,中山醫學大學,醫學系,生x1.00 化x1.00 英x1.00 數甲x1.00 物x1.00,62,267.0,475.0,56.21,87.27,中山醫學大學,醫,醫藥衛生學門,loose
1530,中山醫學大學,醫學社會暨社會工作學系,國x1.50 英x1.00 公x2.00,51,148.5,387.5,38.32,40.8,中山醫學大學,醫學社會暨社會工作,社會福利學門,exact
1531,中山醫學大學,護理學系,生x1.00 化x1.00 英x1.00 國x1.00,100,131.0,350.0,37.43,38.54,中山醫學大學,護理,醫藥衛生學門,exact
1532,中山醫學大學,牙醫學系,生x1.25 化x1.00 數甲x1.00 物x1.00 英x1.00,55,280.25,500.0,56.05,86.85,中山醫學大學,牙醫,醫藥衛生學門,exact
1533,中山醫學大學,醫學檢驗暨生物技術學系,生x1.00 化x1.00 英x1.00 國x1.00,51,172.0,350.0,49.14,69.05,中山醫學大學,醫學檢驗暨生物技術,醫藥衛生學門,exact
1534,中山醫學大學,物理治療學系,英x1.50 生x1.50 國x1.50 物x1.00,33,262.5,475.0,55.26,84.57,中山醫學大學,物理治療,醫藥衛生學門,exact
1535,中山醫學大學,職能治療學系,英x1.50 國x1.25 生x1.00,35,178.0,306.25,58.12,91.53,中山醫學大學,職能治療,醫藥衛生學門,exact
1536,中山醫學大學,語言治療與聽力學系語言治療組,英x2.00 生x1.50 國x1.50 物x1.00,29,258.5,512.5,50.44,72.46,中山醫學大學,語言治療與聽力學系語言治療組,醫藥衛生學門,keyword
1537,中山醫學大學,語言治療與聽力學系聽力組,英x2.00 物x1.50 國x1.50 生x1.00,24,234.5,512.5,45.76,61.09,中山醫學大學,語言治療與聽力學系聽力組,醫藥衛生學門,keyword
1540,中山醫學大學,生物醫學科學學系,生x2.00 英x1.00 化x1.00 數甲x1.00,39,178.0,475.0,37.47,38.66,中山醫學大學,生物醫學科學,生命科學學門,exact
1541,中山醫學大學,視光學系,生x1.50 英x1.00 物x1.00 國x1.00,26,165.5,400.0,41.38,49.46,中山醫學大學,視光,醫藥衛生學門,exact
1542,中山醫學大學,醫學影像暨放射科學系,物x2.00 生x1.50 數甲x1.25,39,160.75,475.0,33.84,28.3,中山醫學大學,醫學影像暨放射科,醫藥衛生學門,exact
1543,中山醫學大學,心理學系,英x2.00 國x1.50 數甲x1.00,34,193.0,362.5,53.24,80.22,中山醫學大學,心理,社會及行為科學學門,exact
1544,中山醫學大學,營養學系,生x2.00 化x2.00 國x1.75,34,231.0,531.25,43.48,54.35,中山醫學大學,營養,生命科學學門,exact
1545,中山醫學大學,公共衛生學系(A組),國x2.00 英x2.00 化x1.00,13,207.0,400.0,51.75,76.19,中山醫學大學,公共衛生,醫藥衛生學門,exact
1546,中山醫學大學,公共衛生學系(B組),歷x1.00 國x2.00 英x2.00,10,192.0,400.0,48.0,66.06,中山醫學大學,公共衛生,醫藥衛生學門,exact
1547,中山醫學大學,醫療產業科技管理學系,英x1.50 國x1.00 數乙x1.00 地x1.00,26,139.5,387.5,36.0,34.37,中山醫學大學,醫療產業科技管理,商業及管理學門,exact
1550,中山醫學大學,職業安全衛生學系,化x1.00 國x1.00 英x1.00,22,104.0,250.0,41.6,50.2,中山醫學大學,職業安全衛生,衛生及職業衛生服務學門,exact
1551,中山醫學大學,醫學應用化學系,化x2.00 數甲x1.00 國x1.00,19,154.0,375.0,41.07,48.59,中山醫學大學,醫學應用化,物理、化學及地球科學學門,exact
1552,中山醫學大學,健康產業科技管理學系,化x1.00 國x1.00 英x1.00,14,104.0,250.0,41.6,50.2,中山醫學大學,健康產業科技管理,商業及管理學門,keyword
1553,中山醫學大學,醫學資訊學系,數甲x2.00 英x2.00 國x1.00,30,176.0,425.0,41.41,49.69,中山醫學大學,醫學資訊,醫藥衛生學門,exact
1554,中山醫學大學,應用外國語言學系,英x1.50 國x1.00 歷x1.00,28,113.0,287.5,39.3,43.96,中山醫學大學,應用外國語言,語文學門,exact
1555,國立中山大學,中國文學系,國x2.00 歷x1.00 英x1.00 地x1.00,14,224.0,425.0,52.71,78.84,國立中山大學,中國文,語文學門,exact
1556,國立中山大學,外國語文學系,英x2.00 國x1.50 歷x1.00 地x1.00,24,251.5,462.5,54.38,82.84,國立中山大學,外國語文,語文學門,exact
1557,國立中山大學,音樂學系,術x2.00 英x1.00 國x1.00 歷x1.00,6,210.0,250.0,84.0,98.53,國立中山大學,音樂,藝術學門,exact
1560,國立中山大學,劇場藝術學系(男),國x2.00 英x2.00 歷x1.00,4,206.0,400.0,51.5,75.56,國立中山大學,劇場藝術,藝術學門,exact
1561,國立中山大學,劇場藝術學系(女),國x2.00 英x2.00 歷x1.00,4,212.0,400.0,53.0,79.71,國立中山大學,劇場藝術,藝術學門,exact
1562,國立中山大學,生物科學系,生x1.50 化x1.25 英x1.25 數甲x1.00 國x1.00,12,254.5,543.75,46.8,63.37,國立中山大學,生物科,生命科學學門,exact
1563,國立中山大學,生物科學系英語組,生x1.50 化x1.25 英x1.50 數甲x1.00 國x1.00,6,263.25,562.5,46.8,63.37,國立中山大學,生物科學系英語組,生命科學學門,keyword
1564,國立中山大學,化學系,化x2.00 物x1.00 數甲x1.00 英x1.00 國x1.00,12,271.0,550.0,49.27,69.47,國立中山大學,化,物理、化學及地球科學學門,exact
1565,國立中山大學,化學系英語組,化x1.00 物x1.00 數甲x1.00 英x2.00 國x1.00,11,268.0,525.0,51.05,74.21,國立中山大學,化學系英語組,物理、化學及地球科學學門,keyword
1566,國立中山大學,物理學系,物x1.50 數甲x1.75 英x1.75 化x1.00 國x1.00,10,315.25,631.25,49.94,70.63,國立中山大學,物理,物理、化學及地球科學學門,exact
1567,國立中山大學,物理學系量子科技組(全英),物x1.50 數甲x1.75 英x2.00 化x1.00 國x1.00,5,326.5,650.0,50.23,72.01,國立中山大學,物理學系量子科技組,物理、化學及地球科學學門,keyword
1570,國立中山大學,應用數學系,數甲x2.00 英x1.00 物x1.50,17,189.5,425.0,44.59,57.99,國立中山大學,應用數,數學及統計學門,exact
1571,國立中山大學,應用數學系英語組,數甲x2.00 英x1.50 物x1.00,5,191.5,412.5,46.42,62.44,國立中山大學,應用數學系英語組,數學及統計學門,keyword
1572,國立中山大學,電機工程學系,數甲x1.00 英x1.00 物x1.00 化x1.00,16,202.0,375.0,53.87,81.69,國立中山大學,電機工程,工程及工程業學門,exact
1573,國立中山大學,電機工程學系全英語組,數甲x1.00 英x1.00 物x1.00 化x1.00,28,194.0,375.0,51.73,76.13,國立中山大學,電機工程學系全英語組,工程及工程業學門,keyword
1574,國立中山大學,機械與機電工程學系,物x2.00 數甲x1.50 國x1.00,12,211.0,425.0,49.65,70.15,國立中山大學,機械與機電工程,工程及工程業學門,exact
1575,國立中山大學,機械與機電工程學系全英語組,物x2.00 數甲x1.50 英x2.00,9,253.0,500.0,50.6,73.0,國立中山大學,機械與機電工程學系全英語組,工程及工程業學門,keyword
1576,國立中山大學,資訊工程學系,數甲x2.00 英x1.00 物x1.50 國x1.00,20,263.5,500.0,52.7,78.75,國立中山大學,資訊工程,工程及工程業學門,exact
1577,國立中山大學,資訊工程學系全英語學士班,數甲x2.00 英x2.00 物x1.50,11,262.0,500.0,52.4,77.93,國立中山大學,資訊工程學系全英語學士班,資訊通訊科技學門,keyword
1600,國立中山大學,光電工程學系,數甲x2.00 物x2.00 英x1.00 化x1.00,8,280.0,575.0,48.7,67.49,國立中山大學,光電工程,工程及工程業學門,exact
1601,國立中山大學,光電工程學系全英語組,數甲x2.00 物x2.00 英x1.50 化x1.00,5,300.5,612.5,49.06,68.62,國立中山大學,光電工程學系全英語組,工程及工程業學門,keyword
1602,國立中山大學,材料與光電科學學系甲組,數甲x2.00 物x2.00 英x1.00,4,240.0,475.0,50.53,72.74,國立中山大學,材料與光電科學學系甲組,工程及工程業學門,keyword
1603,國立中山大學,材料與光電科學學系乙組,物x2.00 化x2.00 數甲x1.00,4,259.0,500.0,51.8,76.3,國立中山大學,材料與光電科學學系乙組,工程及工程業學門,keyword
1604,國立中山大學,材料與光電科學學系全英語組,數甲x1.00 物x2.00 化x2.00 英x1.00,10,284.0,575.0,49.39,69.7,國立中山大學,材料與光電科學學系全英語組,工程及工程業學門,keyword
1605,國立中山大學,企業管理學系(A組),英x2.00 數乙x2.00 國x1.00,10,244.0,425.0,57.41,90.52,國立中山大學,企業管理,商業及管理學門,exact
1606,國立中山大學,企業管理學系(B組),英x2.00 數乙x2.00 公x1.00,14,235.0,450.0,52.22,77.34,國立中山大學,企業管理,商業及管理學門,exact
1607,國立中山大學,資訊管理學系,數甲x2.00 英x2.00 國x1.50,16,251.0,462.5,54.27,82.67,國立中山大學,資訊管理,資訊通訊科技學門,exact
1610,國立中山大學,財務管理學系,數乙x2.00 英x1.00 國x1.00,15,204.0,350.0,58.29,92.1,國立中山大學,財務管理,商業及管理學門,exact
1611,國立中山大學,國際經營管理全英語學士學位學程,英x2.00 公x1.50 數Bx1.00,10,204.5,375.0,54.53,83.24,國立中山大學,國際經營管理全英語學士,語文學門,keyword
1612,國立中山大學,海洋生物科技暨資源學系,英x1.00 生x1.00 化x1.00,13,122.0,275.0,44.36,57.39,國立中山大學,海洋生物科技暨資源,物理、化學及地球科學學門,exact
1613,國立中山大學,海洋環境及工程學系,英x1.25 物x1.50 化x1.00 數甲x1.50,8,220.75,493.75,44.71,58.44,國立中山大學,海洋環境及工程,工程及工程業學門,exact
1614,國立中山大學,海洋科學系,英x1.25 數甲x1.25 化x1.00 國x1.00,9,191.5,393.75,48.63,67.27,國立中山大學,海洋科,物理、化學及地球科學學門,exact
1615,國立中山大學,政治經濟學系,英x1.50 數乙x1.50 國x1.00 公x1.00,13,231.5,437.5,52.91,79.4,國立中山大學,政治經濟,商業及管理學門,exact
1616,國立中山大學,社會學系,公x2.00 英x2.00 地x1.00,22,221.0,450.0,49.11,68.88,國立中山大學,社會,社會及行為科學學門,exact
1617,國立中山大學,人文暨科技跨領域學士學位學程,英x1.00 國x1.00 物x1.00,14,133.0,250.0,53.2,80.14,國立中山大學,人文暨科技跨領域學士,,unmapped
1620,國立中山大學,"生物醫學科技學系全英語學士班生物醫
學組",生x2.00 英x1.50 化x1.50 數甲x1.00,7,258.5,562.5,45.96,61.51,國立中山大學,生物醫學科技學系全英語學士班生物醫學組,醫藥衛生學門,keyword
1621,國立中山大學,"生物醫學科技學系全英語學士班生醫工
程組",數甲x1.50 物x1.50 英x1.50 化x1.00 生x1.00,8,269.0,612.5,43.92,55.67,國立中山大學,生物醫學科技學系全英語學士班生醫工程組,醫藥衛生學門,keyword
1622,國立中山大學,護理學系,生x2.00 英x2.00 國x1.25 數Ax1.00,20,250.5,518.75,48.29,66.7,國立中山大學,護理,醫藥衛生學門,loose
1623,長庚大學,醫學系(自費),生x1.00 英x1.00 化x1.00 數甲x1.00 物x1.00,52,274.0,475.0,57.68,90.94,長庚大學,醫,醫藥衛生學門,exact
1624,長庚大學,醫學系(公費),生x1.00 英x1.00 化x1.00 數甲x1.00 物x1.00,8,265.0,475.0,55.79,86.09,長庚大學,醫,醫藥衛生學門,exact
1625,長庚大學,中醫學系,生x1.00 英x1.00 化x1.00 數甲x1.00 國x1.00,25,269.0,450.0,59.78,94.38,長庚大學,中醫,醫藥衛生學門,exact
1626,長庚大學,護理學系,英x1.50 國x1.50 化x1.00,28,163.5,325.0,50.31,72.21,長庚大學,護理,醫藥衛生學門,exact
1627,長庚大學,醫學生物技術暨檢驗學系,生x1.50 化x1.50 英x1.00,19,184.0,375.0,49.07,68.71,長庚大學,醫學生物技術暨檢驗,醫藥衛生學門,exact
1630,長庚大學,醫學影像暨放射科學系,物x1.25 英x1.25 數甲x1.25 生x1.00 化x1.00,11,222.0,543.75,40.83,47.97,長庚大學,醫學影像暨放射科,醫藥衛生學門,exact
1631,長庚大學,物理治療學系,英x1.50 生x1.25 物x1.00 國x1.00,18,235.5,412.5,57.09,90.01,長庚大學,物理治療,醫藥衛生學門,exact
1632,長庚大學,職能治療學系,英x1.50 生x1.50 國x1.25,12,215.75,356.25,60.56,95.6,長庚大學,職能治療,醫藥衛生學門,exact
1633,長庚大學,生物醫學系,化x2.00 生x2.00 英x2.00 數甲x1.00 物x1.00,23,293.0,750.0,39.07,43.51,長庚大學,生物醫,生命科學學門,exact
1634,長庚大學,呼吸治療學系,生x1.50 英x1.00 化x1.00,15,149.5,325.0,46.0,61.57,長庚大學,呼吸治療,醫藥衛生學門,exact
1635,長庚大學,電機工程學系,物x1.00 數甲x1.00 英x1.00 國x1.00,31,165.0,350.0,47.14,63.88,長庚大學,電機工程,工程及工程業學門,exact
1636,長庚大學,機械工程學系,物x1.25 數甲x1.00 英x1.00,22,116.0,300.0,38.67,42.18,長庚大學,機械工程,工程及工程業學門,exact
1637,長庚大學,化工與材料工程學系(化學工程組),數甲x1.00 英x1.00 化x1.00 物x1.00 國x1.00,16,193.0,450.0,42.89,52.96,長庚大學,化工與材料工程學系,工程及工程業學門,keyword
1640,長庚大學,化工與材料工程學系(材料工程組),數甲x1.00 英x1.00 化x1.00 物x1.00 國x1.00,13,193.0,450.0,42.89,52.96,長庚大學,化工與材料工程學系,工程及工程業學門,keyword
1641,長庚大學,電子工程學系,物x1.00 數甲x1.00 化x1.00 英x1.00,43,150.0,375.0,40.0,45.65,長庚大學,電子工程,工程及工程業學門,exact
1642,長庚大學,資訊工程學系,數甲x1.00 物x1.00 英x1.00 國x1.00,26,159.0,350.0,45.43,60.21,長庚大學,資訊工程,資訊通訊科技學門,exact
1643,長庚大學,生物醫學工程學系,數甲x1.25 物x1.00 化x1.00 英x1.00,13,163.75,400.0,40.94,48.22,長庚大學,生物醫學工程,工程及工程業學門,loose
1644,長庚大學,人工智慧學系,數甲x1.50 英x1.00 國x1.00,13,134.0,300.0,44.67,58.27,長庚大學,人工智慧,資訊通訊科技學門,keyword
1645,長庚大學,醫務管理學系,英x1.50 國x1.00 公x1.00,17,129.0,287.5,44.87,58.78,長庚大學,醫務管理,商業及管理學門,exact
1646,長庚大學,工商管理學系,英x2.00 數乙x1.00 國x1.00,38,109.0,325.0,33.54,27.29,長庚大學,工商管理,商業及管理學門,exact
1647,長庚大學,工業設計學系,英x2.00 國x1.00 公x1.00,16,117.0,325.0,36.0,34.37,長庚大學,工業設計,藝術學門,exact
1650,長庚大學,資訊管理學系,數乙x2.00 英x1.50 國x1.00,21,165.5,387.5,42.71,52.26,長庚大學,資訊管理,資訊通訊科技學門,exact
1651,長庚大學,數位金融科技學系(甲組),數乙x2.00 國x1.00 物x1.00,7,141.0,375.0,37.6,39.31,長庚大學,數位金融科技學系,商業及管理學門,keyword
1652,長庚大學,數位金融科技學系(乙組),數乙x2.00 國x1.00 公x1.00,9,132.0,375.0,35.2,31.69,長庚大學,數位金融科技學系,商業及管理學門,keyword
1653,國立臺中教育大學,全校不分系學士學位學程,英x1.25 國x1.00 數乙x1.00,8,129.75,268.75,48.28,66.65,國立台中教育大學,全校不分系學士,,unmapped
1654,國立臺中教育大學,教育學系,國x1.50 數Bx1.50 英x1.00 歷x1.00,14,182.5,400.0,45.62,60.44,國立台中教育大學,教育,教育學門,exact
1655,國立臺中教育大學,特殊教育學系,國x1.50 英x1.50 公x1.00,21,143.5,325.0,44.15,56.55,國立台中教育大學,特殊教育,教育學門,exact
1656,國立臺中教育大學,幼兒教育學系,國x2.00 英x1.50 公x1.00,9,169.5,362.5,46.76,63.21,國立台中教育大學,幼兒教育,教育學門,exact
1657,國立臺中教育大學,體育學系,術x2.00 國x2.00 數Bx2.00 生x1.00,8,292.78,400.0,73.19,97.97,國立台中教育大學,體育,教育學門,exact
1660,國立臺中教育大學,語文教育學系,國x2.00 歷x1.00 英x1.00,11,153.0,325.0,47.08,63.77,國立台中教育大學,語文教育,教育學門,exact
1661,國立臺中教育大學,區域與社會發展學系,歷x2.00 地x2.00 公x2.00 英x1.00,34,282.0,675.0,41.78,50.59,國立台中教育大學,區域與社會發展,社會及行為科學學門,exact
1662,國立臺中教育大學,諮商與應用心理學系,國x2.00 英x2.00 公x1.00,28,218.0,400.0,54.5,83.18,國立台中教育大學,諮商與應用心理,社會及行為科學學門,exact
1663,國立臺中教育大學,美術學系,術x2.00 國x1.00 英x1.00 歷x1.00,16,228.7,250.0,91.48,99.04,國立台中教育大學,美術,藝術學門,exact
1664,國立臺中教育大學,音樂學系,術x2.00 英x1.00 國x1.00 歷x1.00,6,217.14,250.0,86.86,98.87,國立台中教育大學,音樂,藝術學門,exact
1665,國立臺中教育大學,台灣語文學系,國x1.00 英x1.00 歷x1.00,26,94.0,250.0,37.6,39.31,國立台中教育大學,台灣語文,語文學門,loose
1666,國立臺中教育大學,英語學系,英x2.00 國x1.00 歷x1.00,22,146.0,325.0,44.92,58.94,國立台中教育大學,英語,語文學門,exact
1667,國立臺中教育大學,數學教育學系,數Ax1.50 國x1.00 英x1.00 物x1.00,12,147.0,362.5,40.55,47.07,國立台中教育大學,數學教育,教育學門,exact
1670,國立臺中教育大學,科學教育與應用學系,化x2.00 物x2.00 數甲x1.00 國x1.00,28,180.0,575.0,31.3,20.71,國立台中教育大學,科學教育與應用,教育學門,exact
1671,國立臺中教育大學,資訊工程學系,數甲x1.25 英x1.25 國x1.00,11,139.5,293.75,47.49,64.67,國立台中教育大學,資訊工程,資訊通訊科技學門,exact
1672,國立臺中教育大學,數位內容科技學系,數Bx1.50 英x1.00 國x1.00 物x1.00,24,151.0,362.5,41.66,50.28,國立台中教育大學,數位內容科技,資訊通訊科技學門,exact
1673,國立臺中教育大學,國際企業學系,英x1.50 國x1.25 公x1.00,32,147.25,306.25,48.08,66.39,國立台中教育大學,國際企業,商業及管理學門,exact
1674,國立臺中教育大學,文化創意產業設計與營運學系,英x2.00 公x2.00 國x1.00,26,165.0,425.0,38.82,42.86,國立台中教育大學,文化創意產業設計與營運,藝術學門,exact
1675,國立臺北教育大學,教育學系,國x1.50 英x1.50 數Bx1.25 歷x1.00 公x1.00,18,255.5,518.75,49.25,69.41,國立台北教育大學,教育,教育學門,exact
1676,國立臺北教育大學,教育經營與管理學系,數Bx1.50 英x1.50 國x1.50 公x1.00,29,208.5,437.5,47.66,65.12,國立台北教育大學,教育經營與管理,教育學門,exact
1677,國立臺北教育大學,幼兒與家庭教育學系,國x1.50 英x1.50 數Bx1.00 歷x1.00,20,186.5,400.0,46.62,62.7,國立台北教育大學,幼兒與家庭教育,教育學門,exact
1700,國立臺北教育大學,特殊教育學系(文組),英x2.00 國x1.50 地x1.50 數Bx1.00,11,239.5,487.5,49.13,68.96,國立台北教育大學,特殊教育學系,教育學門,keyword
1701,國立臺北教育大學,特殊教育學系(理組),英x2.00 國x1.50 物x1.50 數Bx1.00,10,207.0,487.5,42.46,51.95,國立台北教育大學,特殊教育學系,教育學門,keyword
1702,國立臺北教育大學,心理與諮商學系,數Bx1.50 英x1.25 國x1.25 公x1.00 歷x1.00,24,261.75,500.0,52.35,77.88,國立台北教育大學,心理與諮商,社會及行為科學學門,exact
1703,國立臺北教育大學,社會與區域發展學系,數乙x1.00 地x1.50 歷x1.50,25,174.5,400.0,43.62,54.85,國立台北教育大學,社會與區域發展,社會及行為科學學門,exact
1704,國立臺北教育大學,兒童英語教育學系,英x2.00 國x1.00 數Bx1.00 歷x1.00,12,203.0,400.0,50.75,73.53,國立台北教育大學,兒童英語教育,語文學門,exact
1705,國立臺北教育大學,語文與創作學系語文師資組,國x2.00 英x1.25 歷x1.00 數Bx1.00,25,193.25,418.75,46.15,61.91,國立台北教育大學,語文與創作學系語文師資組,教育學門,keyword
1706,國立臺北教育大學,語文與創作學系文學創作組,國x2.00 英x1.25 歷x1.00,27,173.5,343.75,50.47,72.55,國立台北教育大學,語文與創作學系文學創作組,語文學門,keyword
1707,國立臺北教育大學,文化創意產業經營學系,社x1.50 英x1.50 國x1.50 地x1.00 歷x1.00,16,262.0,537.5,48.74,67.86,國立台北教育大學,文化創意產業經營,藝術學門,exact
1710,國立臺北教育大學,藝術與造形設計學系設計組,英x1.50 數Bx2.00 國x1.25 歷x1.00,27,189.75,456.25,41.59,50.11,國立台北教育大學,藝術與造形設計學系設計組,藝術學門,keyword
1711,國立臺北教育大學,藝術與造形設計學系藝術組,國x1.50 英x1.50 歷x1.00 數Bx1.00,21,165.5,400.0,41.38,49.46,國立台北教育大學,藝術與造形設計學系藝術組,藝術學門,keyword
1712,國立臺北教育大學,數學暨資訊教育學系數學組,數甲x2.00 國x1.50 英x1.00,14,171.0,387.5,44.13,56.41,國立台北教育大學,數學暨資訊教育學系數學組,資訊通訊科技學門,keyword
1713,國立臺北教育大學,"數學暨資訊教育學系人工智慧與資訊教
育組",數甲x2.00 英x1.50 國x1.25,15,184.25,406.25,45.35,60.16,國立台北教育大學,數學暨資訊教育學系人工智慧與資訊教育組,資訊通訊科技學門,keyword
1714,國立臺北教育大學,自然科學教育學系,物x2.00 化x2.00 數甲x1.00 英x1.00,10,227.0,575.0,39.48,44.41,國立台北教育大學,自然科學教育,教育學門,exact
1715,國立臺北教育大學,數位科技設計學系(創意設計組),英x1.00 國x1.00 公x1.00,9,135.0,250.0,54.0,81.91,國立台北教育大學,數位科技設計學系,藝術學門,keyword
1716,國立臺北教育大學,數位科技設計學系(資訊應用組),數甲x1.50 英x1.50 國x1.00,8,162.5,337.5,48.15,66.51,國立台北教育大學,數位科技設計學系,資訊通訊科技學門,keyword
1717,國立臺北教育大學,資訊科學系,數甲x2.00 英x2.00 物x1.00 國x1.00,16,237.0,525.0,45.14,59.68,國立台北教育大學,資訊科,資訊通訊科技學門,exact
1720,國立臺北教育大學,體育學系(男),生x2.00 公x2.00 數Bx1.50 國x1.00 術x1.00,4,294.05,587.5,50.05,71.11,國立台北教育大學,體育,教育學門,exact
1721,國立臺北教育大學,體育學系(女),生x2.00 公x2.00 數Bx1.50 國x1.00 術x1.00,7,235.2,587.5,40.03,45.82,國立台北教育大學,體育,教育學門,exact
1722,國立臺南大學,教育學系,公x2.00 國x1.50 英x1.00 數Bx1.00,41,188.5,462.5,40.76,47.66,國立台南大學,教育,教育學門,exact
1723,國立臺南大學,諮商與輔導學系,國x1.50 英x1.50 數Bx1.50 公x1.00,19,207.5,437.5,47.43,64.45,國立台南大學,諮商與輔導,社會及行為科學學門,exact
1724,國立臺南大學,特殊教育學系,國x1.50 英x1.50 數Bx1.50 公x1.00,23,153.0,437.5,34.97,31.09,國立台南大學,特殊教育,教育學門,exact
1725,國立臺南大學,幼兒教育學系,國x2.00 英x1.50 數Bx1.00 公x1.00,21,163.0,437.5,37.26,38.09,國立台南大學,幼兒教育,教育學門,exact
1726,國立臺南大學,體育學系,術x2.00 國x1.00 數Bx1.00 英x1.00 生x1.00,2,273.18,325.0,84.06,98.59,國立台南大學,體育,教育學門,exact
1727,國立臺南大學,文化與自然資源學系,歷x2.00 地x2.00 國x1.00,23,210.0,475.0,44.21,56.69,國立台南大學,文化與自然資源,社會及行為科學學門,exact
1730,國立臺南大學,國語文學系,國x2.00 歷x1.00 英x1.00,38,135.0,325.0,41.54,49.89,國立台南大學,國語文,語文學門,exact
1731,國立臺南大學,英語學系,英x2.00 國x1.25 歷x1.00,33,145.0,343.75,42.18,51.64,國立台南大學,英語,語文學門,exact
1732,國立臺南大學,應用數學系,數甲x2.00 自x1.50 英x1.00,25,154.0,387.5,39.74,45.09,國立台南大學,應用數,數學及統計學門,exact
1733,國立臺南大學,數位學習科技學系(數位學習系統組),數甲x1.00 英x2.00 國x2.00,14,192.0,400.0,48.0,66.06,國立台南大學,數位學習科技學系,,unmapped
1734,國立臺南大學,數位學習科技學系(數位學習內容組),英x1.00 國x2.00 數Bx1.00 地x2.00,14,214.0,500.0,42.8,52.54,國立台南大學,數位學習科技學系,,unmapped
1735,國立臺南大學,材料科學系,物x1.50 化x1.50 數甲x1.00 英x1.00 國x1.00,19,235.0,550.0,42.73,52.31,國立台南大學,材料科,工程及工程業學門,exact
1736,國立臺南大學,資訊工程學系,數甲x2.00 物x1.50 英x1.00,21,175.5,425.0,41.29,49.18,國立台南大學,資訊工程,資訊通訊科技學門,exact
1737,國立臺南大學,電機工程學系,數甲x1.00 英x1.50 物x1.00 國x1.00,12,188.5,387.5,48.65,67.33,國立台南大學,電機工程,工程及工程業學門,exact
1740,國立臺南大學,綠色能源科技學系,數甲x1.50 物x1.50 英x1.00,12,128.5,375.0,34.27,29.12,國立台南大學,綠色能源科技,工程及工程業學門,exact
1741,國立臺南大學,生物科技學系,生x2.00 國x2.00 化x1.00,24,197.0,450.0,43.78,55.22,國立台南大學,生物科技,生命科學學門,exact
1742,國立臺南大學,生態暨環境資源學系,地x1.00 國x1.00 英x1.00,28,99.0,250.0,39.6,44.61,國立台南大學,生態暨環境資源,環境學門,keyword
1743,國立臺南大學,音樂學系,英x1.00 國x1.00 歷x1.00,8,79.0,250.0,31.6,21.67,國立台南大學,音樂,藝術學門,exact
1744,國立臺南大學,視覺藝術與設計學系,術x2.00 國x2.00 英x1.00 歷x1.00,16,242.8,325.0,74.71,98.14,國立台南大學,視覺藝術與設計,藝術學門,exact
1745,國立臺南大學,戲劇創作與應用學系(男),國x2.00 英x2.00 歷x1.00,5,150.0,400.0,37.5,38.83,國立台南大學,戲劇創作與應用,藝術學門,exact
1746,國立臺南大學,戲劇創作與應用學系(女),國x2.00 英x2.00 歷x1.00,6,165.0,400.0,41.25,48.98,國立台南大學,戲劇創作與應用,藝術學門,exact
1747,國立臺南大學,行政管理學系,國x1.50 英x1.50 數Bx1.00 公x1.00,25,173.5,400.0,43.38,54.2,國立台南大學,行政管理,商業及管理學門,exact
1750,國立臺南大學,經營與管理學系,英x2.00 數Bx1.50 公x1.50 國x1.00,27,200.0,487.5,41.03,48.45,國立台南大學,經營與管理,商業及管理學門,exact
1751,國立東華大學,應用數學系數學科學組,數甲x2.00 英x1.00 國x1.00,14,116.0,350.0,33.14,25.93,國立東華大學,應用數學系數學科學組,數學及統計學門,keyword
1752,國立東華大學,應用數學系統計科學組,數甲x2.00 英x1.00 國x1.00,10,114.0,350.0,32.57,24.29,國立東華大學,應用數學系統計科學組,數學及統計學門,keyword
1753,國立東華大學,物理學系物理組,物x1.00 數甲x1.00 英x1.00 化x1.00 國x1.00,14,147.0,450.0,32.67,24.6,國立東華大學,物理學系物理組,物理、化學及地球科學學門,keyword
1754,國立東華大學,物理學系奈米與光電科學組,物x1.00 數甲x1.00 英x1.00 化x1.00 國x1.00,9,151.0,450.0,33.56,27.54,國立東華大學,物理學系奈米與光電科學組,工程及工程業學門,keyword
1755,國立東華大學,化學系,化x2.00 英x1.00 數甲x1.00 物x1.00,21,135.0,475.0,28.42,14.39,國立東華大學,化,物理、化學及地球科學學門,exact
1756,國立東華大學,生化暨分子醫學科學系,生x1.75 化x1.50 英x1.75 國x1.00,24,178.5,531.25,33.6,27.71,國立東華大學,生化暨分子醫學科,醫藥衛生學門,keyword
1757,國立東華大學,資訊工程學系資工組,數甲x1.50 英x1.25 國x1.00,20,135.75,318.75,42.59,52.17,國立東華大學,資訊工程學系資工組,資訊通訊科技學門,keyword
1760,國立東華大學,資訊工程學系國際組,英x1.50 數甲x1.25 國x1.00,8,139.75,312.5,44.72,58.55,國立東華大學,資訊工程學系國際組,資訊通訊科技學門,keyword
1761,國立東華大學,電機工程學系智慧系統組,數甲x1.00 英x1.00 國x1.00,12,117.0,250.0,46.8,63.37,國立東華大學,電機工程學系智慧系統組,工程及工程業學門,keyword
1762,國立東華大學,電機工程學系半導體工程組,物x1.00 數甲x1.00 英x1.00 國x1.00,10,154.0,350.0,44.0,56.01,國立東華大學,電機工程學系半導體工程組,工程及工程業學門,keyword
1763,國立東華大學,材料科學與工程學系,物x1.00 化x1.00 英x1.00 數甲x1.00,37,108.0,375.0,28.8,15.18,國立東華大學,材料科學與工程,工程及工程業學門,exact
1764,國立東華大學,光電工程學系,物x1.50 數甲x1.00 英x1.00 化x1.00 國x1.00,28,159.5,500.0,31.9,22.32,國立東華大學,光電工程,工程及工程業學門,exact
1765,國立東華大學,理工學院大數據科學國際學士班,數甲x1.50 英x1.50 國x1.00,11,119.5,337.5,35.41,32.67,國立東華大學,理工學院大數據科學國際學士班,,unmapped
1766,國立東華大學,企業管理學系,英x1.50 國x1.00 公x1.00,39,75.0,287.5,26.09,9.88,國立東華大學,企業管理,商業及管理學門,exact
1767,國立東華大學,會計學系,英x2.00 數Bx1.50 國x1.00 公x1.00,35,116.5,437.5,26.63,10.67,國立東華大學,會計,商業及管理學門,exact
1770,國立東華大學,資訊管理學系,英x2.00 國x2.00 公x1.00,21,154.0,400.0,38.5,41.56,國立東華大學,資訊管理,資訊通訊科技學門,exact
1771,國立東華大學,國際企業學系,英x2.00 數乙x1.75 國x1.00 公x1.00,30,109.75,500.0,21.95,4.09,國立東華大學,國際企業,商業及管理學門,exact
1772,國立東華大學,財務金融學系,數Bx1.50 英x1.00 公x1.00 國x1.00,30,122.0,362.5,33.66,27.99,國立東華大學,財務金融,商業及管理學門,exact
1773,國立東華大學,觀光暨休閒遊憩學系,英x2.00 國x1.50 地x1.50 數Bx1.00,37,90.5,487.5,18.56,1.02,國立東華大學,觀光暨休閒遊憩,餐旅及民生服務學門,exact
1774,國立東華大學,"管理學院管理科學與財金國際學士學位
學程",英x2.00 數乙x1.00 國x1.00 公x1.00,13,75.0,425.0,17.65,0.62,國立東華大學,管理學院管理科學與財金國際學士學位學程,商業及管理學門,keyword
1775,國立東華大學,"管理學院會計與資訊管理國際學士班會
計資訊與電腦稽核組",英x2.00 國x1.50 數Bx1.75 公x1.00,6,124.5,493.75,25.22,8.8,國立東華大學,管理學院會計與資訊管理國際學士班會計資訊與電腦稽核組,資訊通訊科技學門,keyword
1776,國立東華大學,"管理學院數位行銷與服務創新國際學士
班",英x2.00 數Bx1.75 公x1.00,8,58.5,381.25,15.34,0.23,國立東華大學,管理學院數位行銷與服務創新國際學士班,商業及管理學門,keyword
1777,國立東華大學,華文文學系,國x2.00 歷x2.00 英x1.00,8,96.0,425.0,22.59,5.08,國立東華大學,華文文,語文學門,exact
2000,國立東華大學,中國語文學系,國x2.00 歷x1.50 社x1.00,11,110.0,375.0,29.33,16.37,國立東華大學,中國語文,語文學門,exact
2001,國立東華大學,英美語文學系,英x2.00 國x1.25 公x1.00,20,69.75,343.75,20.29,2.2,國立東華大學,英美語文,語文學門,exact
2002,國立東華大學,臺灣文化學系,地x2.00 歷x2.00 國x1.00,6,115.0,475.0,24.21,6.94,國立東華大學,臺灣文化,社會及行為科學學門,exact
2003,國立東華大學,歷史學系,歷x2.00 社x1.00 國x1.00,22,128.0,350.0,36.57,35.81,國立東華大學,歷史,人文學門,exact
2004,國立東華大學,經濟學系,數Bx1.00 英x1.00 國x1.00 公x1.00,26,90.0,325.0,27.69,12.9,國立東華大學,經濟,社會及行為科學學門,exact
2005,國立東華大學,諮商與臨床心理學系(自然組),英x1.50 數甲x1.50 國x1.00,18,125.0,337.5,37.04,37.58,國立東華大學,諮商與臨床心理學系,醫藥衛生學門,keyword
2006,國立東華大學,諮商與臨床心理學系(社會組),英x1.50 數Bx1.50 國x1.00 公x1.00,6,172.5,400.0,43.12,53.72,國立東華大學,諮商與臨床心理學系,醫藥衛生學門,keyword
2007,國立東華大學,社會學系,國x1.50 英x2.00 公x2.00,16,149.0,462.5,32.22,23.19,國立東華大學,社會,社會及行為科學學門,exact
2010,國立東華大學,公共行政學系,公x2.00 國x1.50 英x1.00,18,149.5,387.5,38.58,41.99,國立東華大學,公共行政,商業及管理學門,exact
2011,國立東華大學,法律學系,英x1.00 公x1.50 國x2.00,23,182.5,375.0,48.67,67.41,國立東華大學,法律,法律學門,loose
2012,國立東華大學,體育與運動科學系,國x1.00 英x1.00 生x1.00,12,84.0,250.0,33.6,27.71,國立東華大學,體育與運動科,教育學門,exact
2013,國立東華大學,教育與潛能開發學系,國x2.00 公x1.00 英x1.00,13,87.0,325.0,26.77,10.84,國立東華大學,教育與潛能開發,教育學門,exact
2014,國立東華大學,教育行政與管理學系,國x2.00 英x2.00 數Bx1.50 公x1.00 歷x1.00,17,153.5,612.5,25.06,8.58,國立東華大學,教育行政與管理,教育學門,exact
2015,國立東華大學,特殊教育學系,公x2.00 歷x1.00 國x1.00,13,109.0,375.0,29.07,15.74,國立東華大學,特殊教育,教育學門,exact
2016,國立東華大學,幼兒教育學系,國x2.00 公x1.75 歷x1.75,15,149.25,500.0,29.85,17.75,國立東華大學,幼兒教育,教育學門,exact
2017,國立東華大學,族群關係與文化學系,公x2.00 國x1.50 英x1.00,8,78.5,387.5,20.26,2.14,國立東華大學,族群關係與文化,人文學門,exact
2020,國立東華大學,民族語言與傳播學系,國x1.00 社x1.00 公x1.00,5,63.0,250.0,25.2,8.75,國立東華大學,民族語言與傳播,語文學門,exact
2021,國立東華大學,民族發展與社會工作學系民族發展組,社x2.00 公x1.50 國x1.00,1,139.5,375.0,37.2,37.92,國立東華大學,民族發展與社會工作學系民族發展組,社會及行為科學學門,keyword
2022,國立東華大學,民族發展與社會工作學系社會工作組,公x2.00 社x1.50 國x1.00,9,125.5,387.5,32.39,23.65,國立東華大學,民族發展與社會工作學系社會工作組,社會及行為科學學門,keyword
2023,國立東華大學,原住民族樂舞與藝術學士學位學程,國x2.00 公x2.00 歷x1.00,0,,450.0,,,國立東華大學,原住民族樂舞與藝術學士,藝術學門,keyword
2024,國立東華大學,"自然資源與環境學系環境管理與環境教
育組",地x2.00 英x1.00 國x2.00,10,133.0,425.0,31.29,20.63,國立東華大學,自然資源與環境學系環境管理與環境教育組,環境學門,keyword
2025,國立東華大學,自然資源與環境學系生態與保育組,生x2.00 國x2.00 英x1.00,10,163.0,425.0,38.35,40.97,國立東華大學,自然資源與環境學系生態與保育組,環境學門,keyword
2026,國立東華大學,自然資源與環境學系地球科學組,化x2.00 國x2.00 英x1.00,9,157.0,425.0,36.94,37.25,國立東華大學,自然資源與環境學系地球科學組,物理、化學及地球科學學門,keyword
2027,國立東華大學,縱谷跨域書院學士學位學程,國x2.00 公x1.75 歷x1.50,3,182.5,475.0,38.42,41.25,國立東華大學,縱谷跨域書院學士,,unmapped
2030,國立東華大學,音樂學系,術x2.00 國x1.00 英x1.00 歷x1.00,1,48.2,250.0,19.28,1.58,國立東華大學,音樂,藝術學門,exact
2031,國立東華大學,藝術與設計學系,國x2.00 英x1.00 歷x1.00,18,109.0,325.0,33.54,27.29,國立東華大學,藝術與設計,藝術學門,exact
2032,國立東華大學,藝術創意產業學系,國x2.00 歷x2.00 公x1.00,17,106.0,450.0,23.56,6.32,國立東華大學,藝術創意產業,藝術學門,exact
2033,國立東華大學,"管理學院會計與資訊管理國際學士班智
慧會計與風險管理組",英x2.00 數Ax1.75 國x1.50 公x1.00,5,89.25,493.75,18.08,0.76,國立東華大學,管理學院會計與資訊管理國際學士班智慧會計與風險管理組,資訊通訊科技學門,keyword
2034,臺北市立大學,教育學系,國x2.00 英x2.00 數Bx2.00 歷x1.00 地x1.00,16,290.0,650.0,44.62,58.18,台北市立大學,教育,教育學門,exact
2035,臺北市立大學,特殊教育學系,國x2.00 數Bx1.50 英x1.50 公x1.00,24,199.5,475.0,42.0,51.27,台北市立大學,特殊教育,教育學門,exact
2036,臺北市立大學,幼兒教育學系,英x2.00 國x2.00 歷x1.00 地x1.00,22,218.0,500.0,43.6,54.71,台北市立大學,幼兒教育,教育學門,exact
2037,臺北市立大學,心理與諮商學系,英x2.00 國x1.50 數Bx1.50 公x1.00,9,252.5,475.0,53.16,80.08,台北市立大學,心理與諮商,社會及行為科學學門,exact
2040,臺北市立大學,學習與媒材設計學系,國x2.00 數Bx1.50 英x2.00 歷x1.00 地x1.00,14,259.0,612.5,42.29,51.78,台北市立大學,學習與媒材設計,教育學門,exact
2041,臺北市立大學,中國語文學系,國x2.00 歷x1.00 英x1.00,19,156.0,325.0,48.0,66.06,台北市立大學,中國語文,語文學門,exact
2042,臺北市立大學,歷史與地理學系,國x1.50 歷x1.50 地x1.50 數Bx1.00 英x1.00,24,246.5,562.5,43.82,55.42,台北市立大學,歷史與地理,人文學門,exact
2043,臺北市立大學,英語教學系,英x2.00 國x1.25 公x1.00,20,169.0,343.75,49.16,69.16,台北市立大學,英語教,教育學門,exact
2044,臺北市立大學,社會暨公共事務學系,公x2.00 國x1.50 英x1.50 歷x1.00,17,259.5,525.0,49.43,69.81,台北市立大學,社會暨公共事務,商業及管理學門,exact
2045,臺北市立大學,音樂學系,術x2.00 英x1.00 國x1.00 歷x1.00,5,292.98,250.0,117.19,99.83,台北市立大學,音樂,藝術學門,exact
2046,臺北市立大學,視覺藝術學系,術x2.00 國x2.00 英x1.00 歷x1.00,27,253.0,325.0,77.85,98.36,台北市立大學,視覺藝術,藝術學門,exact
2047,臺北市立大學,應用物理暨化學系電子物理組,物x1.50 化x1.50 英x1.25 數甲x1.00 國x1.00,6,256.0,568.75,45.01,59.31,台北市立大學,應用物理暨化學系電子物理組,工程及工程業學門,keyword
2050,臺北市立大學,應用物理暨化學系應用化學組,化x1.50 物x1.50 英x1.25 數甲x1.00 國x1.00,11,248.25,568.75,43.65,54.91,台北市立大學,應用物理暨化學系應用化學組,物理、化學及地球科學學門,keyword
2051,臺北市立大學,地球環境暨生物資源學系,英x1.50 數甲x1.00 國x1.50 物x1.00 化x1.50,13,238.0,575.0,41.39,49.55,台北市立大學,地球環境暨生物資源,環境學門,exact
2052,臺北市立大學,數學系,數甲x2.00 物x1.00 英x1.00,21,141.0,375.0,37.6,39.31,台北市立大學,數,數學及統計學門,exact
2053,臺北市立大學,資訊科學系,數甲x2.00 英x2.00 國x1.25 物x1.00,23,243.0,543.75,44.69,58.35,台北市立大學,資訊科,資訊通訊科技學門,exact
2054,臺北市立大學,體育學系,英x2.00 術x1.50 國x1.00 生x1.00,2,240.56,325.0,74.02,98.08,台北市立大學,體育,教育學門,exact
2055,臺北市立大學,休閒運動管理學系,英x1.25 公x1.00 國x1.00,6,125.5,268.75,46.7,63.01,台北市立大學,休閒運動管理,餐旅及民生服務學門,exact
2056,臺北市立大學,運動健康科學系,英x1.50 生x1.00 國x1.00,4,141.5,287.5,49.22,69.36,台北市立大學,運動健康科,餐旅及民生服務學門,exact
2057,臺北市立大學,城市發展學系,地x2.00 英x2.00 國x1.00,16,207.0,425.0,48.71,67.61,台北市立大學,城市發展,,unmapped
2060,臺北市立大學,行銷與管理學系,英x2.00 數乙x2.00 國x1.00,14,213.0,425.0,50.12,71.47,台北市立大學,行銷與管理,商業及管理學門,keyword
2061,臺北市立大學,衛生福利學系,國x1.50 數甲x1.00 英x1.50 生x1.50,13,195.0,475.0,41.05,48.53,台北市立大學,衛生福利,,unmapped
2062,國立屏東大學,教育學系,國x2.00 英x1.50 數Bx1.50 公x1.00,39,158.0,475.0,33.26,26.64,國立屏東大學,教育,教育學門,exact
2063,國立屏東大學,幼兒教育學系,國x2.00 公x2.00 英x1.00,17,157.0,425.0,36.94,37.25,國立屏東大學,幼兒教育,教育學門,exact
2064,國立屏東大學,特殊教育學系,國x2.00 英x1.00 公x1.00,16,122.0,325.0,37.54,39.08,國立屏東大學,特殊教育,教育學門,exact
2065,國立屏東大學,教育心理與輔導學系,國x1.25 英x1.25 公x1.00 數Bx1.00,23,143.0,362.5,39.45,44.24,國立屏東大學,教育心理與輔導,教育學門,exact
2066,國立屏東大學,中國語文學系,國x2.00 歷x1.25 英x1.00,13,133.5,350.0,38.14,40.24,國立屏東大學,中國語文,語文學門,exact
2067,國立屏東大學,英語學系,英x2.00 國x1.00 歷x1.00,10,117.0,325.0,36.0,34.37,國立屏東大學,英語,語文學門,exact
2070,國立屏東大學,文化創意產業學系,國x2.00 英x1.00 歷x1.00,17,121.0,325.0,37.23,38.01,國立屏東大學,文化創意產業,人文學門,exact
2071,國立屏東大學,社會發展學系,公x1.00 國x1.00 英x1.00,17,88.0,250.0,35.2,31.69,國立屏東大學,社會發展,社會及行為科學學門,exact
2072,國立屏東大學,應用英語學系,英x2.00 國x1.00 公x1.00,2,146.0,325.0,44.92,58.94,國立屏東大學,應用英語,語文學門,exact
2073,國立屏東大學,應用日語學系,英x2.00 國x2.00 公x1.00,6,181.0,400.0,45.25,59.88,國立屏東大學,應用日語,語文學門,exact
2074,國立屏東大學,視覺藝術學系數位媒體設計組,國x2.00 英x1.50 歷x1.50,12,164.0,412.5,39.76,45.2,國立屏東大學,視覺藝術學系數位媒體設計組,藝術學門,keyword
2075,國立屏東大學,商業大數據學系,英x1.00 數Bx1.00 公x1.00 國x1.00,15,115.0,325.0,35.38,32.45,國立屏東大學,商業大數據,,unmapped
2076,國立屏東大學,行銷與流通管理學系,英x2.00 數Bx2.00 國x1.00 公x1.00,9,156.0,475.0,32.84,24.77,國立屏東大學,行銷與流通管理,商業及管理學門,exact
2077,國立屏東大學,休閒事業經營學系,英x1.50 國x1.50 公x1.00 數Bx1.00,7,133.5,400.0,33.38,26.75,國立屏東大學,休閒事業經營,餐旅及民生服務學門,exact
2100,國立屏東大學,不動產經營學系,英x1.00 國x1.00 公x1.00,7,103.0,250.0,41.2,48.84,國立屏東大學,不動產經營,商業及管理學門,exact
2101,國立屏東大學,企業管理學系,英x1.50 數Bx1.50 國x1.00 公x1.00,5,154.5,400.0,38.62,42.1,國立屏東大學,企業管理,商業及管理學門,exact
2102,國立屏東大學,國際經營與貿易學系,英x1.00 數Bx1.00 公x1.00 國x1.00,5,129.0,325.0,39.69,44.84,國立屏東大學,國際經營與貿易,商業及管理學門,loose
2103,國立屏東大學,財務金融學系,國x1.25 英x1.25 數Bx1.25 公x1.00,12,165.25,381.25,43.34,54.06,國立屏東大學,財務金融,商業及管理學門,exact
2104,國立屏東大學,會計學系,英x2.00 國x2.00 數Bx1.50 公x1.00,9,207.0,512.5,40.39,46.78,國立屏東大學,會計,商業及管理學門,exact
2105,國立屏東大學,應用化學系,化x2.00 英x1.50 數甲x1.50,19,154.5,462.5,33.41,27.0,國立屏東大學,應用化,物理、化學及地球科學學門,exact
2106,國立屏東大學,應用數學系,數甲x2.00 國x1.00 英x1.00,13,121.0,350.0,34.57,29.68,國立屏東大學,應用數,數學及統計學門,exact
2107,國立屏東大學,應用物理系半導體組,物x2.00 數甲x1.75 英x1.00,12,158.5,450.0,35.22,31.86,國立屏東大學,應用物理系半導體組,工程及工程業學門,keyword
2110,國立屏東大學,應用物理系光電暨材料組,物x2.00 數甲x1.75 英x1.00 化x1.00,12,172.25,550.0,31.32,20.77,國立屏東大學,應用物理系光電暨材料組,工程及工程業學門,keyword
2111,國立屏東大學,科學傳播學系,國x1.50 自x1.25 英x1.00 化x1.00,11,151.5,381.25,39.74,45.09,國立屏東大學,科學傳播,新聞學及圖書資訊學門,keyword
2112,國立屏東大學,智慧機器人學系,數Ax2.00 物x2.00 英x1.00,14,145.0,425.0,34.12,28.87,國立屏東大學,智慧機器人,,unmapped
2113,國立屏東大學,電腦與通訊學系,數Ax2.00 英x2.00 國x1.00 物x1.00,3,201.0,475.0,42.32,51.86,國立屏東大學,電腦與通訊,工程及工程業學門,exact
2114,國立屏東大學,資訊工程學系,數Ax2.00 英x2.00 國x1.00 物x1.00,18,204.0,475.0,42.95,53.05,國立屏東大學,資訊工程,工程及工程業學門,exact
2115,國立屏東大學,電腦科學與人工智慧學系,數甲x2.00 英x2.00 國x1.00,15,159.0,425.0,37.41,38.4,國立屏東大學,電腦科學與人工智慧,資訊通訊科技學門,keyword
2116,國立屏東大學,資訊管理學系,英x2.00 數Bx2.00 國x1.00 公x1.00,5,196.0,475.0,41.26,49.07,國立屏東大學,資訊管理,資訊通訊科技學門,exact
2117,國立屏東大學,音樂學系,英x1.00 國x1.00 歷x1.00,8,67.0,250.0,26.8,11.0,國立屏東大學,音樂,藝術學門,exact
2120,國立屏東大學,體育學系,術x2.00 數Bx1.00 生x1.00,4,223.76,175.0,127.86,99.94,國立屏東大學,體育,教育學門,exact
2121,國立臺東大學,全校不分系學士學位學程,國x1.50 英x1.00 公x1.00,3,102.5,287.5,35.65,33.38,國立台東大學,全校不分系學士,,unmapped
2122,國立臺東大學,教育學系,國x1.50 公x1.00 歷x1.00,22,88.0,312.5,28.16,13.97,國立台東大學,教育,教育學門,exact
2123,國立臺東大學,體育學系,國x2.00 英x1.50 公x1.00,13,100.5,362.5,27.72,13.04,國立台東大學,體育,教育學門,exact
2124,國立臺東大學,幼兒教育學系,國x2.00 英x2.00 公x1.00,15,88.0,400.0,22.0,4.26,國立台東大學,幼兒教育,教育學門,exact
2125,國立臺東大學,特殊教育學系,國x2.00 英x1.00 公x1.00,14,85.0,325.0,26.15,9.99,國立台東大學,特殊教育,教育學門,exact
2126,國立臺東大學,文化資源與休閒產業學系,國x1.50 歷x1.25 公x1.00,12,87.0,337.5,25.78,9.59,國立台東大學,文化資源與休閒產業,餐旅及民生服務學門,exact
2127,國立臺東大學,數位媒體與文教產業學系,國x2.00 英x1.00 公x1.00,19,89.0,325.0,27.38,12.5,國立台東大學,數位媒體與文教產業,教育學門,exact
2130,國立臺東大學,公共與文化事務學系,社x2.00 公x1.50 歷x1.00,17,119.0,400.0,29.75,17.38,國立台東大學,公共與文化事務,社會及行為科學學門,exact
2131,國立臺東大學,身心整合與運動休閒產業學系,國x1.50 英x1.00 公x1.00,4,87.5,287.5,30.43,18.99,國立台東大學,身心整合與運動休閒產業,餐旅及民生服務學門,exact
2132,國立臺東大學,英美語文學系,英x2.00 國x2.00 公x1.00,7,81.0,400.0,20.25,2.09,國立台東大學,英美語文,語文學門,exact
2133,國立臺東大學,華語文學系,國x2.00 歷x1.50 公x1.00,1,118.5,400.0,29.62,16.85,國立台東大學,華語文,語文學門,exact
2134,國立臺東大學,美術產業學系,國x1.00 歷x1.00 公x1.00,3,69.0,275.0,25.09,8.63,國立台東大學,美術產業,藝術學門,exact
2135,國立臺東大學,音樂學系,國x2.00 英x1.50 歷x1.00,1,163.0,362.5,44.97,59.09,國立台東大學,音樂,藝術學門,exact
2136,國立臺東大學,生命科學系,生x2.00 化x1.50 國x1.00,9,140.5,425.0,33.06,25.68,國立台東大學,生命科,生命科學學門,exact
2137,國立臺東大學,資訊工程學系,數甲x2.00 英x2.00 國x1.50,14,173.5,462.5,37.51,38.88,國立台東大學,資訊工程,工程及工程業學門,exact
2140,國立臺東大學,資訊管理學系,英x2.00 數Bx2.00 公x1.75 國x1.00,18,155.25,550.0,28.23,14.16,國立台東大學,資訊管理,資訊通訊科技學門,exact
2141,國立臺東大學,應用數學系,數甲x2.00 國x1.00 英x1.00,20,107.0,350.0,30.57,19.19,國立台東大學,應用數,數學及統計學門,exact
2142,國立臺東大學,應用科學系化學及奈米科學組,化x2.00 數Ax1.00 物x1.00,12,108.0,375.0,28.8,15.18,國立台東大學,應用科學系化學及奈米科學組,,unmapped
2143,國立臺東大學,應用科學系應用物理組,物x2.00 數Ax1.00 化x1.00,9,102.0,375.0,27.2,11.88,國立台東大學,應用科學系應用物理組,物理、化學及地球科學學門,keyword
2144,國立臺東大學,綠能與資訊科技學系,物x2.00 國x1.00 數乙x1.00,6,107.0,375.0,28.53,14.56,國立台東大學,綠能與資訊科技,資訊通訊科技學門,keyword
2145,國立體育大學,體育推廣學系A,英x2.00 國x2.00 公x1.00,11,158.0,400.0,39.5,44.47,國立體育大學,體育推廣學系A,,unmapped
2146,國立體育大學,體育推廣學系B,英x1.00 國x2.00 術x2.00 公x1.00,10,279.1,325.0,85.88,98.76,國立體育大學,體育推廣學系B,,unmapped
2147,國立體育大學,運動保健學系A,英x2.00 生x1.75 國x2.00 自x1.00,8,246.0,550.0,44.73,58.63,國立體育大學,運動保健學系A,,unmapped
2150,國立體育大學,運動保健學系B,英x2.00 生x1.75 術x1.00 國x2.00 自x1.00,6,271.92,550.0,49.44,69.86,國立體育大學,運動保健學系B,,unmapped
2151,國立體育大學,休閒產業經營學系,地x2.00 英x1.00 國x1.00,20,131.0,350.0,37.43,38.54,國立體育大學,休閒產業經營,餐旅及民生服務學門,exact
2152,國立體育大學,適應體育學系A,英x2.00 國x2.00 生x1.75,3,194.25,475.0,40.89,48.08,國立體育大學,適應體育學系A,,unmapped
2153,國立體育大學,適應體育學系B,英x2.00 國x2.00 公x1.75,7,170.75,475.0,35.95,34.03,國立體育大學,適應體育學系B,,unmapped
2154,元智大學,護理學系,生x1.00 國x1.00 英x1.00,22,94.0,250.0,37.6,39.31,元智大學,護理,醫藥衛生學門,loose
2155,元智大學,"管理學院學士班(主修：數位行銷與人力
資源)",國x2.00 社x1.75 公x1.00,18,170.0,381.25,44.59,57.99,元智大學,管理學院學士班(主修：數位行銷與人力資源),商業及管理學門,keyword
2156,元智大學,管理學院學士班(主修：財務金融A組),公x1.50 國x2.00 英x1.00,8,164.0,375.0,43.73,55.08,元智大學,管理學院學士班,商業及管理學門,keyword
2157,元智大學,管理學院學士班(主修：財務金融B組),歷x1.50 國x2.00 英x1.00,8,160.5,375.0,42.8,52.54,元智大學,管理學院學士班,商業及管理學門,keyword
2160,元智大學,管理學院學士班(主修：財務金融C組),地x1.50 國x2.00 英x1.00,7,159.5,375.0,42.53,52.03,元智大學,管理學院學士班,商業及管理學門,keyword
2161,元智大學,管理學院學士班(主修：國際企業管理),公x2.00 英x1.00 國x1.50,19,148.5,387.5,38.32,40.8,元智大學,管理學院學士班,商業及管理學門,keyword
2162,元智大學,管理學院學士班(主修：會計),國x2.00 公x1.50 歷x1.00,24,159.5,400.0,39.88,45.43,元智大學,管理學院學士班,商業及管理學門,keyword
2163,元智大學,管理學院學士班(英語專班),英x2.00 公x1.50 國x1.00,7,133.0,375.0,35.47,32.84,元智大學,管理學院學士班,語文學門,keyword
2164,元智大學,應用外語學系,英x1.50 國x1.00 歷x1.00,10,102.0,287.5,35.48,32.9,元智大學,應用外語,語文學門,exact
2165,元智大學,中國語文學系,國x2.00 歷x1.00 英x1.00,9,115.0,325.0,35.38,32.45,元智大學,中國語文,語文學門,exact
2166,元智大學,社會暨政策科學學系,公x2.00 國x2.00 數Bx1.00,16,148.0,425.0,34.82,30.64,元智大學,社會暨政策科學,社會及行為科學學門,exact
2167,元智大學,藝術與設計學系,英x1.00 國x1.00 公x1.00,8,84.0,250.0,33.6,27.71,元智大學,藝術與設計,藝術學門,exact
2170,元智大學,人文社會學院英語學士班,國x2.00 英x1.50 公x1.00,5,127.0,362.5,35.03,31.24,元智大學,人文社會學院英語學士班,語文學門,keyword
2171,元智大學,資訊管理學系(社會組),英x2.00 數Bx1.50 國x1.00 公x1.50,14,210.5,487.5,43.18,53.84,元智大學,資訊管理學系,資訊通訊科技學門,keyword
2172,元智大學,資訊管理學系(自然組),英x2.00 數甲x1.50 國x1.50,10,189.5,412.5,45.94,61.46,元智大學,資訊管理學系,資訊通訊科技學門,keyword
2173,元智大學,資訊傳播學系(智慧科技應用組),國x1.50 英x1.00 數Bx1.00 公x1.00,16,122.5,362.5,33.79,28.22,元智大學,資訊傳播學系,資訊通訊科技學門,keyword
2174,元智大學,資訊傳播學系(數位媒體設計-創作組),國x1.50 英x1.00 公x1.00,14,105.0,287.5,36.52,35.64,元智大學,資訊傳播學系,資訊通訊科技學門,keyword
2175,元智大學,資訊傳播學系(數位媒體設計-美術組),術x2.00 國x1.00 英x1.00 公x1.00,4,189.0,250.0,75.6,98.25,元智大學,資訊傳播學系,資訊通訊科技學門,keyword
2176,元智大學,資訊工程學系(資訊工程組),數甲x1.00 英x1.00 國x1.00,20,122.0,250.0,48.8,68.09,元智大學,資訊工程學系,資訊通訊科技學門,keyword
2177,元智大學,資訊工程學系(資訊應用組),數乙x1.00 英x1.00 國x1.00,10,129.0,250.0,51.6,75.85,元智大學,資訊工程學系,資訊通訊科技學門,keyword
2200,元智大學,資訊學院英語學士班,數乙x1.00 英x1.00 國x1.50,9,145.0,287.5,50.43,72.4,元智大學,資訊學院英語學士班,資訊通訊科技學門,keyword
2201,元智大學,機械工程學系,數甲x1.00 物x1.00 自x1.00 國x1.00,22,151.0,350.0,43.14,53.78,元智大學,機械工程,工程及工程業學門,exact
2202,元智大學,化學工程與材料科學學系,數甲x1.00 物x1.00 化x1.00 國x1.00,31,144.0,375.0,38.4,41.14,元智大學,化學工程與材料科學,工程及工程業學門,exact
2203,元智大學,工業工程與管理學系(A組),數甲x1.25 英x1.00 國x1.00,15,110.5,275.0,40.18,46.19,元智大學,工業工程與管理,工程及工程業學門,exact
2204,元智大學,工業工程與管理學系(B組),數乙x1.00 英x1.00 國x1.25,14,117.5,268.75,43.72,55.02,元智大學,工業工程與管理,工程及工程業學門,exact
2205,元智大學,工程學院英語學士班,數甲x1.00 英x1.00 國x1.00,7,109.0,250.0,43.6,54.71,元智大學,工程學院英語學士班,語文學門,keyword
2206,元智大學,電機工程學系(甲組),數甲x1.00 英x1.00 國x1.00,35,127.0,250.0,50.8,73.73,元智大學,電機工程學系,工程及工程業學門,keyword
2207,元智大學,電機工程學系(乙組),數甲x1.00 自x1.00 國x2.00,35,174.0,325.0,53.54,81.04,元智大學,電機工程學系,工程及工程業學門,keyword
2210,元智大學,電機工程學系(丙組),數甲x1.00 英x1.00 國x2.00,17,168.0,325.0,51.69,75.96,元智大學,電機工程學系,工程及工程業學門,keyword
2211,元智大學,電機通訊學院英語學士班,英x1.75 數甲x1.00 國x1.25,7,166.0,325.0,51.08,74.29,元智大學,電機通訊學院英語學士班,工程及工程業學門,keyword
2212,國立中正大學,中國文學系,國x2.00 英x1.25 歷x1.00 地x1.00,22,228.5,443.75,51.49,75.51,國立中正大學,中國文,語文學門,exact
2213,國立中正大學,外國語文學系,英x2.00 國x1.00 歷x1.00 地x1.00,32,223.0,425.0,52.47,78.13,國立中正大學,外國語文,語文學門,exact
2214,國立中正大學,歷史學系,歷x2.00 國x1.50 英x1.50 地x1.00,25,262.5,525.0,50.0,70.91,國立中正大學,歷史,人文學門,exact
2215,國立中正大學,哲學系,英x2.00 數Bx2.00 國x1.50 公x1.00,14,250.0,512.5,48.78,68.0,國立中正大學,哲,人文學門,exact
2216,國立中正大學,社會福利學系,英x1.50 數乙x1.50 公x1.50 國x1.00,19,223.0,487.5,45.74,60.95,國立中正大學,社會福利,社會福利學門,exact
2217,國立中正大學,勞工關係學系,英x2.00 公x1.50 國x1.50 數乙x1.00,11,254.0,512.5,49.56,70.09,國立中正大學,勞工關係,社會及行為科學學門,exact
2220,國立中正大學,政治學系,英x2.00 社x1.00 國x1.00 公x1.00 數Bx1.00,17,254.0,475.0,53.47,80.78,國立中正大學,政治,社會及行為科學學門,exact
2221,國立中正大學,傳播學系,公x1.00 歷x1.00 英x1.00 國x1.00,29,175.0,350.0,50.0,70.91,國立中正大學,傳播,新聞學及圖書資訊學門,exact
2222,國立中正大學,經濟學系,數乙x2.00 英x2.00 公x1.50 國x1.00,29,294.0,575.0,51.13,74.44,國立中正大學,經濟,社會及行為科學學門,exact
2223,國立中正大學,財務金融學系,數乙x2.00 英x2.00 國x1.00,37,238.0,425.0,56.0,86.51,國立中正大學,財務金融,商業及管理學門,exact
2224,國立中正大學,企業管理學系,英x2.00 國x1.50 地x1.00 數乙x2.00,35,291.5,562.5,51.82,76.35,國立中正大學,企業管理,商業及管理學門,exact
2225,國立中正大學,會計與資訊科技學系甲組,英x2.00 數Ax2.00 國x1.50 物x1.00,2,302.0,512.5,58.93,93.06,國立中正大學,會計與資訊科技學系甲組,資訊通訊科技學門,keyword
2226,國立中正大學,會計與資訊科技學系乙組,英x2.00 數Bx2.00 國x1.50 公x1.00,18,291.0,512.5,56.78,88.88,國立中正大學,會計與資訊科技學系乙組,資訊通訊科技學門,keyword
2227,國立中正大學,法律學系法學組,英x1.50 國x1.50 公x1.00 歷x1.00 數乙x1.00,18,274.0,525.0,52.19,77.17,國立中正大學,法律學系法學組,法律學門,keyword
2230,國立中正大學,法律學系法制組,英x1.50 國x1.50 公x1.00 歷x1.00 數乙x1.00,18,272.5,525.0,51.9,76.44,國立中正大學,法律學系法制組,法律學門,keyword
2231,國立中正大學,財經法律學系,國x1.50 英x1.50 公x1.00 歷x1.00 數乙x1.00,26,276.0,525.0,52.57,78.33,國立中正大學,財經法律,法律學門,exact
2232,國立中正大學,成人及繼續教育學系,英x1.50 國x1.00 公x1.50 數Bx1.00,12,196.0,412.5,47.52,64.84,國立中正大學,成人及繼續教育,教育學門,exact
2233,國立中正大學,犯罪防治學系,英x1.50 國x1.25 公x1.50 數Bx1.00,23,228.0,431.25,52.87,79.29,國立中正大學,犯罪防治,社會及行為科學學門,exact
2234,國立中正大學,紫荊不分系學士學位學程甲組,地x1.50 國x1.00 英x1.00,10,162.0,300.0,54.0,81.91,國立中正大學,紫荊不分系學士學位學程甲組,,unmapped
2235,國立中正大學,紫荊不分系學士學位學程乙組,數乙x1.50 國x1.00 英x1.00,10,168.0,300.0,56.0,86.51,國立中正大學,紫荊不分系學士學位學程乙組,,unmapped
2236,國立中正大學,數學系,數甲x2.00 英x1.25 物x1.00,19,173.75,393.75,44.13,56.41,國立中正大學,數,數學及統計學門,exact
2237,國立中正大學,物理學系,物x1.50 數甲x1.50 英x1.25 化x1.00 國x1.00,17,272.5,568.75,47.91,65.74,國立中正大學,物理,物理、化學及地球科學學門,exact
2240,國立中正大學,化學暨生物化學系,化x2.00 物x1.00 數甲x1.25 英x1.25 國x1.00,13,284.0,593.75,47.83,65.52,國立中正大學,化學暨生物化,物理、化學及地球科學學門,exact
2241,國立中正大學,地球與環境科學系,數甲x1.50 物x1.50 化x1.50 英x1.00 國x1.00,15,261.5,600.0,43.58,54.46,國立中正大學,地球與環境科,物理、化學及地球科學學門,exact
2242,國立中正大學,資訊工程學系,數甲x1.25 英x1.50 物x1.00 化x1.00 國x1.00,45,265.0,512.5,51.71,76.02,國立中正大學,資訊工程,資訊通訊科技學門,exact
2243,國立中正大學,電機工程學系甲組,數甲x1.00 物x1.00 英x1.00 化x1.00 國x1.00,3,251.0,450.0,55.78,85.95,國立中正大學,電機工程學系甲組,工程及工程業學門,keyword
2244,國立中正大學,電機工程學系乙組,數甲x1.00 物x1.00 英x1.00 化x1.00 國x1.00,31,240.0,450.0,53.33,80.5,國立中正大學,電機工程學系乙組,工程及工程業學門,keyword
2245,國立中正大學,機械工程學系機械工程組,物x2.00 數甲x2.00 英x1.00,33,214.0,475.0,45.05,59.48,國立中正大學,機械工程學系機械工程組,工程及工程業學門,keyword
2246,國立中正大學,機械工程學系光機電整合工程組,物x2.00 數甲x2.00 英x1.00,17,219.0,475.0,46.11,61.74,國立中正大學,機械工程學系光機電整合工程組,工程及工程業學門,keyword
2247,國立中正大學,機械工程國際學士學位學程,物x2.00 數甲x1.50 英x2.00,6,247.5,500.0,49.5,69.98,國立中正大學,機械工程國際學士,工程及工程業學門,keyword
2250,國立中正大學,化學工程學系,數甲x1.00 物x1.00 化x1.00 英x1.00 國x1.00,23,222.0,450.0,49.33,69.55,國立中正大學,化學工程,工程及工程業學門,exact
2251,國立中正大學,通訊工程學系,數甲x1.00 物x1.00 英x1.00 化x1.00 國x1.00,20,229.0,450.0,50.89,73.93,國立中正大學,通訊工程,工程及工程業學門,exact
2252,國立中正大學,資訊管理學系,數甲x2.00 英x2.00 國x1.00 物x1.00 化x1.00,23,299.0,625.0,47.84,65.58,國立中正大學,資訊管理,資訊通訊科技學門,exact
2253,國立中正大學,心理學系,英x1.50 數甲x1.50 生x1.25 國x1.00,22,231.0,462.5,49.95,70.71,國立中正大學,心理,社會及行為科學學門,exact
2254,國立中正大學,生物醫學科學系,英x1.25 化x1.50 生x1.50 國x1.00 數甲x1.00,21,259.25,568.75,45.58,60.38,國立中正大學,生物醫學科,醫藥衛生學門,keyword
2255,國立中正大學,運動競技學系,英x2.00 國x2.00 生x1.50,4,230.0,450.0,51.11,74.38,國立中正大學,運動競技,餐旅及民生服務學門,exact
2256,大葉大學,機械與自動化工程學系,數甲x1.75 國x2.00 英x2.00,25,101.75,475.0,21.42,3.27,大葉大學,機械與自動化工程,工程及工程業學門,exact
2257,大葉大學,電機工程學系(半導體與光電組),數甲x2.00 物x2.00 英x1.75,11,106.75,531.25,20.09,1.98,大葉大學,電機工程學系,工程及工程業學門,keyword
2260,大葉大學,電機工程學系(智慧系統組),數甲x2.00 物x2.00 國x1.75,15,114.25,531.25,21.51,3.47,大葉大學,電機工程學系,工程及工程業學門,keyword
2261,大葉大學,半導體學士學位學程(半導體設備組),數甲x2.00 物x2.00 英x1.75,11,78.75,531.25,14.82,0.17,大葉大學,半導體學士學位學程,工程及工程業學門,keyword
2262,大葉大學,半導體學士學位學程(半導體製程組),數甲x2.00 物x2.00 國x1.75,15,84.5,531.25,15.91,0.4,大葉大學,半導體學士學位學程,工程及工程業學門,keyword
2263,大葉大學,資訊工程學系,數甲x1.75 國x2.00 英x2.00,22,103.75,475.0,21.84,3.98,大葉大學,資訊工程,資訊通訊科技學門,exact
2264,大葉大學,環境與安全工程學系,國x2.00 英x2.00 化x1.75,17,80.0,475.0,16.84,0.51,大葉大學,環境與安全工程,環境學門,keyword
2265,大葉大學,企業管理學系,國x2.00 公x2.00 英x1.75,2,99.25,481.25,20.62,2.43,大葉大學,企業管理,商業及管理學門,exact
2266,大葉大學,"會計與資訊管理學系(人工智慧科技管理
組)",國x2.00 英x1.75 物x1.00,7,83.25,381.25,21.84,3.98,大葉大學,會計與資訊管理學系(人工智慧科技管理組),資訊通訊科技學門,keyword
2267,大葉大學,"會計與資訊管理學系(會計暨投資理財
組)",國x2.00 公x2.00 英x1.00,2,123.0,425.0,28.94,15.46,大葉大學,會計與資訊管理學系(會計暨投資理財組),資訊通訊科技學門,keyword
2270,大葉大學,財務金融學系(智慧投資組),國x2.00 公x2.00 英x1.00,4,100.0,425.0,23.53,6.24,大葉大學,財務金融學系,商業及管理學門,keyword
2271,大葉大學,財務金融學系(AI金融組),國x2.00 英x2.00 物x1.75,3,85.75,475.0,18.05,0.68,大葉大學,財務金融學系,商業及管理學門,keyword
2272,大葉大學,設計學系,國x2.00 歷x2.00 英x1.00,3,98.0,425.0,23.06,5.64,大葉大學,設計,藝術學門,loose
2273,大葉大學,"多媒體數位內容學士學位學程(動畫與影
視特效組)",國x2.00 歷x1.75 地x2.00,4,118.5,525.0,22.57,5.02,大葉大學,多媒體數位內容學士學位學程(動畫與影視特效組),藝術學門,keyword
2274,大葉大學,"多媒體數位內容學士學位學程(遊戲與人
工智慧應用組)",地x2.00 歷x2.00 英x1.75,8,99.75,531.25,18.78,1.3,大葉大學,多媒體數位內容學士學位學程(遊戲與人工智慧應用組),藝術學門,keyword
2275,大葉大學,"多媒體數位內容學士學位學程(動漫美術
與模型製作組)",國x2.00 英x1.75 歷x2.00,3,118.0,481.25,24.52,7.73,大葉大學,多媒體數位內容學士學位學程(動漫美術與模型製作組),藝術學門,keyword
2276,大葉大學,"多媒體數位內容學士學位學程(漫畫創作
組)",國x2.00 英x1.75 地x2.00,1,146.25,481.25,30.39,18.79,大葉大學,多媒體數位內容學士學位學程(漫畫創作組),藝術學門,keyword
2277,大葉大學,空間設計學系(建築組),英x1.00 國x2.00 地x2.00,2,105.0,425.0,24.71,8.07,大葉大學,空間設計學系,建築及營建工程學門,keyword
2300,大葉大學,空間設計學系(室內設計組),英x1.00 國x2.00 地x2.00,1,109.0,425.0,25.65,9.28,大葉大學,空間設計學系,藝術學門,keyword
2301,大葉大學,造形藝術學系,國x2.00 歷x2.00 英x1.75,0,,481.25,,,大葉大學,造形藝術,藝術學門,exact
2302,大葉大學,應用日語學系(觀光旅遊組),國x2.00 公x2.00 英x1.00,2,110.0,425.0,25.88,9.65,大葉大學,應用日語學系,語文學門,keyword
2303,大葉大學,應用日語學系(AI商務應用組),國x2.00 歷x2.00 英x1.00,2,94.0,425.0,22.12,4.6,大葉大學,應用日語學系,語文學門,keyword
2304,大葉大學,生物醫學系(檢驗醫學組),數乙x1.75 國x2.00 英x2.00,7,88.25,475.0,18.58,1.07,大葉大學,生物醫學系,醫藥衛生學門,keyword
2305,大葉大學,生物醫學系(生物醫藥組),生x1.75 國x2.00 英x2.00,8,131.25,475.0,27.63,12.75,大葉大學,生物醫學系,醫藥衛生學門,keyword
2306,大葉大學,藥用植物與食品保健學系(藥粧保健組),生x2.00 國x1.75 英x2.00,8,96.75,481.25,20.1,2.03,大葉大學,藥用植物與食品保健學系,農業學門,keyword
2307,大葉大學,藥用植物與食品保健學系(食藥生技組),化x1.75 國x2.00 英x1.75,7,99.25,456.25,21.75,3.72,大葉大學,藥用植物與食品保健學系,農業學門,keyword
2310,大葉大學,餐旅管理學系,英x1.75 國x2.00 地x2.00,1,118.75,481.25,24.68,8.01,大葉大學,餐旅管理,餐旅及民生服務學門,exact
2311,大葉大學,觀光休閒學系,國x2.00 公x2.00 歷x1.75,1,124.0,525.0,23.62,6.38,大葉大學,觀光休閒,餐旅及民生服務學門,keyword
2312,大葉大學,烘焙暨飲料調製學士學位學程,國x2.00 地x2.00 英x1.75,0,,481.25,,,大葉大學,烘焙暨飲料調製學士,,unmapped
2313,大葉大學,護理學系,英x2.00 國x2.00 生x1.75,11,88.75,475.0,18.68,1.24,大葉大學,護理,醫藥衛生學門,loose
2314,大葉大學,運動健康管理學系,國x2.00 公x2.00 英x1.75,7,102.5,481.25,21.3,3.1,大葉大學,運動健康管理,餐旅及民生服務學門,exact
2315,大葉大學,視光學系,英x2.00 國x2.00 數乙x1.75,10,74.0,475.0,15.58,0.28,大葉大學,視光,醫藥衛生學門,loose
2316,大葉大學,醫學工程學系,數甲x2.00 物x2.00 英x1.75,6,98.0,531.25,18.45,0.96,大葉大學,醫學工程,醫藥衛生學門,keyword
2317,大葉大學,醫學工程學系(智慧醫療組),英x2.00 國x2.00 化x1.75,6,113.25,475.0,23.84,6.55,大葉大學,醫學工程學系,醫藥衛生學門,keyword
2320,大葉大學,職能治療學系A組,英x2.00 國x2.00 生x1.75,9,183.0,475.0,38.53,41.76,大葉大學,職能治療,醫藥衛生學門,loose
2321,大葉大學,職能治療學系B組,英x2.00 國x2.00 公x1.75,4,130.0,475.0,27.37,12.42,大葉大學,職能治療,醫藥衛生學門,loose
2322,中華大學,電機工程學系,數甲x2.00 國x2.00 英x1.00,65,100.0,425.0,23.53,6.24,中華大學,電機工程,工程及工程業學門,exact
2323,中華大學,資訊工程學系,國x2.00 英x2.00 數乙x1.00,25,63.0,400.0,15.75,0.34,中華大學,資訊工程,工程及工程業學門,exact
2324,中華大學,光電與材料工程學系(人工智慧應用組),物x2.00 國x2.00 英x1.75,4,131.25,481.25,27.27,12.02,中華大學,光電與材料工程學系,資訊通訊科技學門,keyword
2325,中華大學,光電與材料工程學系(生醫光電組),生x2.00 國x2.00 英x1.75,3,143.75,481.25,29.87,17.83,中華大學,光電與材料工程學系,工程及工程業學門,keyword
2326,中華大學,光電與材料工程學系(半導體組),化x2.00 國x2.00 英x1.75,37,100.0,481.25,20.78,2.71,中華大學,光電與材料工程學系,工程及工程業學門,keyword
2327,中華大學,工業管理學系(半導體產業組),物x2.00 化x2.00 公x1.75,11,72.75,575.0,12.65,0.11,中華大學,工業管理學系,工程及工程業學門,keyword
2330,中華大學,工業管理學系(人工智慧應用組),歷x2.00 地x2.00 公x1.75,9,125.5,575.0,21.83,3.89,中華大學,工業管理學系,資訊通訊科技學門,keyword
2331,中華大學,"資訊管理學系(人工智慧應用與資訊系統
設計組)",物x2.00 化x2.00 英x1.75,23,56.75,531.25,10.68,0.06,中華大學,資訊管理學系(人工智慧應用與資訊系統設計組),資訊通訊科技學門,keyword
2332,中華大學,"資訊管理學系(智慧商務與資訊管理應用
組)",歷x2.00 地x2.00 公x1.75,5,122.75,575.0,21.35,3.22,中華大學,資訊管理學系(智慧商務與資訊管理應用組),資訊通訊科技學門,keyword
2333,中華大學,企業管理學系企業管理組,地x2.00 公x2.00 歷x1.75,6,132.5,575.0,23.04,5.53,中華大學,企業管理學系企業管理組,商業及管理學門,keyword
2334,中華大學,企業管理學系智慧運輸與物流組,地x2.00 歷x2.00 公x1.75,5,113.0,575.0,19.65,1.69,中華大學,企業管理學系智慧運輸與物流組,商業及管理學門,keyword
2335,中華大學,企業管理學系財務管理組,公x2.00 國x2.00 歷x1.00,3,121.0,450.0,26.89,11.26,中華大學,企業管理學系財務管理組,商業及管理學門,keyword
2336,中華大學,建築與都市計畫學系(第一類組),公x2.00 歷x1.00 地x2.00,10,93.0,500.0,18.6,1.19,中華大學,建築與都市計畫學系,建築及營建工程學門,keyword
2337,中華大學,建築與都市計畫學系(第二類組),物x1.75 國x2.00 自x2.00,14,97.75,475.0,20.58,2.37,中華大學,建築與都市計畫學系,建築及營建工程學門,keyword
2340,中華大學,土木工程學系,物x2.00 國x2.00 英x1.75,36,87.0,481.25,18.08,0.76,中華大學,土木工程,建築及營建工程學門,exact
2341,中華大學,應用日語學系,國x1.00 地x1.50 歷x1.50,5,78.5,375.0,20.93,2.82,中華大學,應用日語,語文學門,exact
2342,中華大學,應用外語暨智慧商務學士學位學程,國x2.00 公x2.00 英x1.50,1,113.5,462.5,24.54,7.79,中華大學,應用外語暨智慧商務學士,,unmapped
2343,中華大學,觀光學院學士班,公x2.00 國x2.00 社x1.00,2,115.0,425.0,27.06,11.4,中華大學,觀光學院學士班,餐旅及民生服務學門,keyword
2344,義守大學,電機工程學系,數甲x2.00 國x2.00 英x1.50,40,155.5,462.5,33.62,27.82,義守大學,電機工程,工程及工程業學門,exact
2345,義守大學,電子工程學系光電半導體組,數乙x2.00 國x2.00 英x1.50,20,133.0,462.5,28.76,15.01,義守大學,電子工程學系光電半導體組,工程及工程業學門,keyword
2346,義守大學,電子工程學系電子智慧系統組,數甲x2.00 國x2.00 英x1.50,11,149.5,462.5,32.32,23.48,義守大學,電子工程學系電子智慧系統組,工程及工程業學門,keyword
2347,義守大學,資訊工程學系資訊工程組,數甲x2.00 國x2.00 英x1.50,45,138.0,462.5,29.84,17.66,義守大學,資訊工程學系資訊工程組,資訊通訊科技學門,keyword
2350,義守大學,資訊工程學系資訊應用組,英x2.00 國x2.00 數乙x1.50,20,122.0,450.0,27.11,11.57,義守大學,資訊工程學系資訊應用組,資訊通訊科技學門,keyword
2351,義守大學,機械與自動化工程學系,物x2.00 國x2.00 英x1.50,31,139.5,462.5,30.16,18.51,義守大學,機械與自動化工程,工程及工程業學門,exact
2352,義守大學,化學工程學系甲組,化x2.00 國x2.00 英x1.75,43,148.5,481.25,30.86,19.98,義守大學,化學工程學系甲組,工程及工程業學門,keyword
2353,義守大學,化學工程學系乙組,生x2.00 國x2.00 英x1.75,5,167.25,481.25,34.75,30.08,義守大學,化學工程學系乙組,工程及工程業學門,keyword
2354,義守大學,土木工程學系,物x2.00 國x2.00 數甲x1.75,27,132.75,525.0,25.29,8.86,義守大學,土木工程,建築及營建工程學門,loose
2355,義守大學,材料科學與工程學系甲組,英x2.00 國x2.00 數甲x1.75,21,149.75,475.0,31.53,21.33,義守大學,材料科學與工程學系甲組,工程及工程業學門,keyword
2356,義守大學,材料科學與工程學系乙組,英x2.00 國x2.00 化x1.75,10,155.75,475.0,32.79,24.72,義守大學,材料科學與工程學系乙組,工程及工程業學門,keyword
2357,義守大學,智慧科技英語學士學位學程,英x2.00 國x2.00 物x1.75,8,126.0,475.0,26.53,10.58,義守大學,智慧科技英語學士,語文學門,keyword
2360,義守大學,半導體學士學位學程,物x2.00 國x1.50 英x1.50,24,118.5,425.0,27.88,13.37,義守大學,半導體學士,工程及工程業學門,keyword
2361,義守大學,資訊管理學系,國x2.00 歷x2.00 英x1.00,20,94.0,425.0,22.12,4.6,義守大學,資訊管理,資訊通訊科技學門,exact
2362,義守大學,企業管理學系,國x2.00 歷x2.00 英x1.00,14,95.0,425.0,22.35,4.8,義守大學,企業管理,商業及管理學門,exact
2363,義守大學,財務金融管理學系,國x1.50 歷x1.00 英x1.00 數Bx1.00,22,88.0,362.5,24.28,7.22,義守大學,財務金融管理,商業及管理學門,keyword
2364,義守大學,會計學系,國x2.00 英x1.25 地x2.00,13,93.25,443.75,21.01,2.93,義守大學,會計,商業及管理學門,exact
2365,義守大學,國際商務學系,英x2.00 國x1.50 歷x1.50,5,88.0,412.5,21.33,3.16,義守大學,國際商務,商業及管理學門,exact
2366,義守大學,醫務管理學系,國x2.00 公x2.00 英x1.50,30,119.0,462.5,25.73,9.42,義守大學,醫務管理,商業及管理學門,exact
2367,義守大學,餐旅管理學系,國x2.00 社x2.00 歷x1.75,10,128.75,475.0,27.11,11.57,義守大學,餐旅管理,餐旅及民生服務學門,exact
2370,義守大學,廚藝暨美食學學系,國x2.00 社x1.50 歷x1.50,7,116.0,412.5,28.12,13.83,義守大學,廚藝暨美食學,,unmapped
2371,義守大學,"國際企業經營英語學士學位學程(國際學
院)",英x2.00 國x2.00 歷x1.00,3,91.0,400.0,22.75,5.3,義守大學,國際企業經營英語學士學位學程(國際學院),語文學門,keyword
2372,義守大學,"財務與商業分析英語學士學位學程(國際
學院)",英x2.00 國x1.00 歷x1.00,4,62.0,325.0,19.08,1.47,義守大學,財務與商業分析英語學士學位學程(國際學院),語文學門,keyword
2373,義守大學,"智慧觀光餐旅管理英語學士學位學程(國
際學院)",英x2.00 公x1.75 國x1.00,0,,400.0,,,義守大學,智慧觀光餐旅管理英語學士學位學程(國際學院),語文學門,keyword
2374,義守大學,"國際傳媒與娛樂管理英語學士學位學程
(國際學院)",英x2.00 歷x2.00 國x1.00,1,103.0,425.0,24.24,7.08,義守大學,國際傳媒與娛樂管理英語學士學位學程,語文學門,keyword
2375,義守大學,應用日語學系,國x2.00 歷x2.00 英x1.00,16,99.0,425.0,23.29,5.98,義守大學,應用日語,語文學門,exact
2376,義守大學,大眾傳播學系,國x2.00 社x2.00 歷x1.75,10,124.25,475.0,26.16,10.05,義守大學,大眾傳播,新聞學及圖書資訊學門,exact
2377,義守大學,電影與電視學系,國x2.00 社x2.00 公x1.75,9,141.25,475.0,29.74,17.27,義守大學,電影與電視,藝術學門,exact
2400,義守大學,視覺藝術與設計學系,國x2.00 地x2.00 歷x1.00,3,143.0,450.0,31.78,22.21,義守大學,視覺藝術與設計,藝術學門,loose
2401,義守大學,營養學系,生x2.00 國x2.00 英x1.00,23,157.0,425.0,36.94,37.25,義守大學,營養,生命科學學門,exact
2402,義守大學,生物醫學工程學系,國x2.00 化x2.00 物x1.75,21,156.0,525.0,29.71,17.13,義守大學,生物醫學工程,工程及工程業學門,exact
2403,義守大學,醫學科學與生物科技學系醫藥組,國x2.00 化x2.00 英x1.75,13,168.5,481.25,35.01,31.15,義守大學,醫學科學與生物科技學系醫藥組,醫藥衛生學門,keyword
2404,義守大學,醫學科學與生物科技學系生技組,國x2.00 生x2.00 英x1.50,13,169.5,462.5,36.65,36.06,義守大學,醫學科學與生物科技學系生技組,醫藥衛生學門,keyword
2405,義守大學,護理學系,英x1.75 國x2.00 生x2.00,68,148.25,481.25,30.81,19.92,義守大學,護理,醫藥衛生學門,exact
2406,義守大學,醫學影像暨放射科學系,自x2.00 生x2.00 國x2.00 數甲x1.00,24,236.0,600.0,39.33,44.07,義守大學,醫學影像暨放射科,醫藥衛生學門,exact
2407,義守大學,物理治療學系,生x2.00 英x2.00 國x1.50 物x1.00 數Ax1.00,11,306.5,637.5,48.08,66.39,義守大學,物理治療,醫藥衛生學門,exact
2410,義守大學,職能治療學系,英x2.00 生x2.00 國x1.75 數甲x1.00,15,249.75,581.25,42.97,53.1,義守大學,職能治療,醫藥衛生學門,exact
2411,義守大學,醫學檢驗技術學系,生x2.00 化x2.00 英x2.00 國x1.00,21,233.0,625.0,37.28,38.15,義守大學,醫學檢驗技術,醫藥衛生學門,keyword
2412,義守大學,醫學系(公費生),英x1.50 生x1.50 化x1.00 物x1.00 數甲x1.00,3,319.0,562.5,56.71,88.71,義守大學,醫學系,醫藥衛生學門,keyword
2413,銘傳大學,企業管理學系品牌行銷組(台北校區),國x2.00 英x1.00 歷x2.00,41,138.0,425.0,32.47,23.93,銘傳大學,企業管理學系品牌行銷組,商業及管理學門,keyword
2414,銘傳大學,企業管理學系企業管理組(台北校區),國x2.00 英x1.00 公x2.00,30,140.0,425.0,32.94,25.34,銘傳大學,企業管理學系企業管理組,商業及管理學門,keyword
2415,銘傳大學,企業管理學系數位經營組(台北校區),國x1.00 數Bx1.00 公x1.00,16,76.0,250.0,30.4,18.88,銘傳大學,企業管理學系數位經營組,商業及管理學門,keyword
2416,銘傳大學,"企業管理學系人工智慧應用組(台北校
區)",國x2.00 英x1.00 物x1.00,8,114.0,325.0,35.08,31.35,銘傳大學,企業管理學系人工智慧應用組(台北校區),資訊通訊科技學門,keyword
2417,銘傳大學,會計學系會計審計組(台北校區),公x2.00 國x1.00 社x1.00,30,122.0,350.0,34.86,30.84,銘傳大學,會計學系會計審計組,商業及管理學門,keyword
2420,銘傳大學,會計學系稅務規劃組(台北校區),公x2.00 國x1.00 歷x1.00,12,130.0,375.0,34.67,29.94,銘傳大學,會計學系稅務規劃組,商業及管理學門,keyword
2421,銘傳大學,會計學系智慧永續組(台北校區),化x1.00 國x1.50 英x1.00,5,96.5,287.5,33.57,27.6,銘傳大學,會計學系智慧永續組,商業及管理學門,keyword
2422,銘傳大學,財務金融學系甲組(台北校區),數Bx2.00 國x1.00 公x1.00,19,113.0,325.0,34.77,30.25,銘傳大學,財務金融學系甲組,商業及管理學門,keyword
2423,銘傳大學,財務金融學系乙組(台北校區),國x2.00 英x1.00 公x1.00,12,129.0,325.0,39.69,44.84,銘傳大學,財務金融學系乙組,商業及管理學門,keyword
2424,銘傳大學,財務金融學系丙組(台北校區),地x1.00 國x2.00 社x1.00,3,155.0,325.0,47.69,65.27,銘傳大學,財務金融學系丙組,商業及管理學門,keyword
2425,銘傳大學,財務金融學系丁組(台北校區),物x1.00 國x2.00 英x1.00,2,131.0,325.0,40.31,46.5,銘傳大學,財務金融學系丁組,商業及管理學門,keyword
2426,銘傳大學,"資訊應用與金融保險學系金融組(台北校
區)",國x2.00 公x1.25 社x1.00,9,134.75,350.0,38.5,41.56,銘傳大學,資訊應用與金融保險學系金融組(台北校區),資訊通訊科技學門,keyword
2427,銘傳大學,"資訊應用與金融保險學系資訊組(台北校
區)",物x1.00 國x2.00 英x1.00,10,114.0,325.0,35.08,31.35,銘傳大學,資訊應用與金融保險學系資訊組(台北校區),資訊通訊科技學門,keyword
2430,銘傳大學,"國際企業學系跨境電商經營組(台北校
區)",公x1.50 歷x1.25 英x1.00,18,100.5,350.0,28.71,14.84,銘傳大學,國際企業學系跨境電商經營組(台北校區),商業及管理學門,keyword
2431,銘傳大學,"國際企業學系外貿行銷管理組(台北校
區)",英x1.25 國x1.00 歷x1.00,15,86.0,268.75,32.0,22.71,銘傳大學,國際企業學系外貿行銷管理組(台北校區),商業及管理學門,keyword
2432,銘傳大學,國際企業學系智慧管理組(台北校區),國x1.50 英x1.00 物x1.00,5,99.5,287.5,34.61,29.85,銘傳大學,國際企業學系智慧管理組,商業及管理學門,keyword
2433,銘傳大學,新媒體暨傳播管理學系(台北校區),國x2.00 英x2.00 歷x1.00,28,124.0,400.0,31.0,20.15,銘傳大學,新媒體暨傳播管理學系,藝術學門,keyword
2434,銘傳大學,廣播電視學系(台北校區),國x1.00 社x1.00 歷x1.00,34,92.0,250.0,36.8,36.6,銘傳大學,廣播電視學系,,unmapped
2435,銘傳大學,廣告暨策略行銷學系(台北校區),國x1.00 歷x2.00 公x2.00,33,149.0,475.0,31.37,20.91,銘傳大學,廣告暨策略行銷學系,新聞學及圖書資訊學門,keyword
2436,銘傳大學,影音新聞暨社群傳播學系(台北校區),國x2.00 公x1.50 歷x1.00,26,132.0,400.0,33.0,25.54,銘傳大學,影音新聞暨社群傳播學系,新聞學及圖書資訊學門,keyword
2437,銘傳大學,法律學系(台北校區),公x2.00 國x1.25 英x1.00,74,134.75,368.75,36.54,35.72,銘傳大學,法律學系,法律學門,keyword
2440,銘傳大學,財金法律學系(台北校區),國x2.00 英x2.00 公x1.50,35,156.5,450.0,34.78,30.36,銘傳大學,財金法律學系,商業及管理學門,keyword
2441,銘傳大學,"國際企業與貿易學士學位學程(全英語授
課．台北校區)",英x2.00 公x1.00 地x1.00,22,77.0,350.0,22.0,4.26,銘傳大學,國際企業與貿易學士學位學程(全英語授課．台北校區),語文學門,keyword
2442,銘傳大學,"新聞與大眾傳播學士學位學程(全英語授
課．台北校區)",英x2.00 公x1.50 歷x1.00,5,93.5,400.0,23.38,6.09,銘傳大學,新聞與大眾傳播學士學位學程(全英語授課．台北校區),語文學門,keyword
2443,銘傳大學,"時尚與創新管理學士學位學程(全英語授
課．台北校區)",國x1.00 英x2.00 公x1.00,9,89.0,325.0,27.38,12.5,銘傳大學,時尚與創新管理學士學位學程(全英語授課．台北校區),藝術學門,keyword
2444,銘傳大學,"國際事務與外交學士學位學程(全英語授
課．桃園校區)",英x2.00 公x1.00 歷x1.00,8,72.0,350.0,20.57,2.31,銘傳大學,國際事務與外交學士學位學程(全英語授課．桃園校區),語文學門,keyword
2445,銘傳大學,"資訊科技應用與管理學士學位學程(全英
語授課．桃園校區)",英x2.00 數乙x1.50 國x1.00,3,116.5,375.0,31.07,20.2,銘傳大學,資訊科技應用與管理學士學位學程(全英語授課．桃園校區),資訊通訊科技學門,keyword
2446,銘傳大學,"應用中文與華語文教學系文教傳播組(桃
園校區)",國x1.50 公x1.00 歷x1.00,9,93.0,312.5,29.76,17.49,銘傳大學,應用中文與華語文教學系文教傳播組(桃園校區),語文學門,keyword
2447,銘傳大學,"應用中文與華語文教學系語文創作組(桃
園校區)",國x1.50 歷x1.00 地x1.00,8,90.5,312.5,28.96,15.52,銘傳大學,應用中文與華語文教學系語文創作組(桃園校區),語文學門,keyword
2450,銘傳大學,應用英語學系(桃園校區),英x1.00 國x1.00 地x1.00,15,67.0,250.0,26.8,11.0,銘傳大學,應用英語學系,語文學門,keyword
2451,銘傳大學,應用日語學系(桃園校區),歷x1.50 公x1.50 國x1.00,38,117.5,375.0,31.33,20.82,銘傳大學,應用日語學系,語文學門,keyword
2452,銘傳大學,商業設計學系(桃園校區),公x2.00 國x2.00 英x1.00,31,130.0,425.0,30.59,19.47,銘傳大學,商業設計學系,藝術學門,keyword
2453,銘傳大學,"商品設計學系人工智慧應用組(桃園校
區)",國x2.00 社x1.00 歷x1.00,14,120.0,325.0,36.92,37.1,銘傳大學,商品設計學系人工智慧應用組(桃園校區),資訊通訊科技學門,keyword
2454,銘傳大學,"商品設計學系福祉生活設計組(桃園校
區)",國x2.00 社x1.00 公x1.00,8,115.0,325.0,35.38,32.45,銘傳大學,商品設計學系福祉生活設計組(桃園校區),藝術學門,keyword
2455,銘傳大學,"商品設計學系產品行銷企劃組(桃園校
區)",國x2.00 英x1.00 公x1.00,8,103.0,325.0,31.69,21.78,銘傳大學,商品設計學系產品行銷企劃組(桃園校區),藝術學門,keyword
2456,銘傳大學,"數位媒體設計學系遊戲互動與AI應用組
(桃園校區)",國x2.00 社x1.00 地x1.00,11,130.0,325.0,40.0,45.65,銘傳大學,數位媒體設計學系遊戲互動與AI應用組,藝術學門,keyword
2457,銘傳大學,"數位媒體設計學系動畫文創組(桃園校
區)",國x2.00 社x1.00 歷x1.00,11,139.0,325.0,42.77,52.43,銘傳大學,數位媒體設計學系動畫文創組(桃園校區),藝術學門,keyword
2460,銘傳大學,"數位媒體設計學系影視創意組(桃園校
區)",國x2.00 社x1.00 公x1.00,11,120.0,325.0,36.92,37.1,銘傳大學,數位媒體設計學系影視創意組(桃園校區),藝術學門,keyword
2461,銘傳大學,建築學系(桃園校區),國x2.00 社x1.00 公x1.00,17,132.0,325.0,40.62,47.35,銘傳大學,建築學系,建築及營建工程學門,keyword
2462,銘傳大學,都市設計與永續發展學系(桃園校區),公x2.00 國x1.50 英x1.00,11,113.0,387.5,29.16,15.86,銘傳大學,都市設計與永續發展學系,建築及營建工程學門,keyword
2463,銘傳大學,觀光事業學系(桃園校區),國x1.00 地x1.00 社x1.00,7,92.0,250.0,36.8,36.6,銘傳大學,觀光事業學系,餐旅及民生服務學門,keyword
2464,銘傳大學,休閒遊憩管理學系(桃園校區),公x1.25 國x1.00 歷x1.00,16,94.75,300.0,31.58,21.59,銘傳大學,休閒遊憩管理學系,商業及管理學門,keyword
2465,銘傳大學,餐旅管理學系(桃園校區),公x1.00 歷x1.00 國x1.00,29,80.0,275.0,29.09,15.8,銘傳大學,餐旅管理學系,商業及管理學門,keyword
2466,銘傳大學,犯罪防治學系(桃園校區),公x2.00 國x2.00 英x1.00,73,141.0,425.0,33.18,26.19,銘傳大學,犯罪防治學系,,unmapped
2467,銘傳大學,公共事務與行政管理學系(桃園校區),公x2.00 國x1.00 歷x1.00,29,115.0,375.0,30.67,19.58,銘傳大學,公共事務與行政管理學系,社會及行為科學學門,keyword
2470,銘傳大學,諮商臨床與工商心理學系(桃園校區),英x2.00 公x2.00 社x2.00 數乙x1.00 國x1.00,45,198.0,675.0,29.33,16.37,銘傳大學,諮商臨床與工商心理學系,醫藥衛生學門,keyword
2471,銘傳大學,金融學系(桃園校區),公x1.50 國x1.00 英x1.00,18,97.5,300.0,32.5,24.07,銘傳大學,金融學系,商業及管理學門,keyword
2472,銘傳大學,金融科技應用學系(桃園校區),物x2.00 社x1.50 國x1.50,13,143.0,425.0,33.65,27.91,銘傳大學,金融科技應用學系,商業及管理學門,keyword
2473,銘傳大學,"資訊管理學系人工智慧應用組(桃園校
區)",英x1.75 國x2.00 公x1.75,11,171.75,456.25,37.64,39.45,銘傳大學,資訊管理學系人工智慧應用組(桃園校區),資訊通訊科技學門,keyword
2474,銘傳大學,"資訊管理學系巨量資料管理組(桃園校
區)",數Bx1.75 國x2.00 公x1.75,12,157.75,456.25,34.58,29.74,銘傳大學,資訊管理學系巨量資料管理組(桃園校區),資訊通訊科技學門,keyword
2475,銘傳大學,"資訊管理學系電子商務管理組(桃園校
區)",英x1.75 國x2.00 歷x1.75,8,158.25,456.25,34.68,30.02,銘傳大學,資訊管理學系電子商務管理組(桃園校區),資訊通訊科技學門,keyword
2476,銘傳大學,人工智慧應用學系(桃園校區),國x2.00 英x1.00 數乙x1.50,36,127.0,375.0,33.87,28.44,銘傳大學,人工智慧應用學系,資訊通訊科技學門,keyword
2477,銘傳大學,資訊工程學系(桃園校區),數乙x1.00 物x1.00 國x1.00,29,88.0,275.0,32.0,22.71,銘傳大學,資訊工程學系,資訊通訊科技學門,keyword
2500,銘傳大學,電機工程學系(桃園校區),數甲x2.00 國x2.00 英x1.50,39,165.0,462.5,35.68,33.47,銘傳大學,電機工程學系,工程及工程業學門,keyword
2501,銘傳大學,半導體應用學士學位學程(桃園校區),數甲x1.00 數Ax1.00 國x1.00,12,87.0,250.0,34.8,30.47,銘傳大學,半導體應用學士學位學程,工程及工程業學門,keyword
2502,銘傳大學,醫療資訊與管理學系(桃園校區),英x1.00 公x1.00 國x2.00,24,102.0,325.0,31.38,21.02,銘傳大學,醫療資訊與管理學系,資訊通訊科技學門,keyword
2503,銘傳大學,生物科技學系生物醫學組(桃園校區),生x2.00 英x2.00 國x1.50,30,159.5,462.5,34.49,29.57,銘傳大學,生物科技學系生物醫學組,醫藥衛生學門,keyword
2504,銘傳大學,生物科技學系食品生技組(桃園校區),化x2.00 英x2.00 國x1.50,20,150.5,462.5,32.54,24.15,銘傳大學,生物科技學系食品生技組,生命科學學門,keyword
2505,銘傳大學,"生物醫學工程學系專利醫材法規組(桃園
校區)",國x1.50 英x1.25 公x1.00,10,98.75,306.25,32.24,23.34,銘傳大學,生物醫學工程學系專利醫材法規組(桃園校區),醫藥衛生學門,keyword
2506,銘傳大學,"生物醫學工程學系人工智慧醫療組(桃園
校區)",國x1.50 數Bx1.00 化x1.00,11,114.0,287.5,39.65,44.7,銘傳大學,生物醫學工程學系人工智慧醫療組(桃園校區),醫藥衛生學門,keyword
2507,世新大學,新聞學系,國x2.00 公x2.00 歷x1.00,48,154.0,450.0,34.22,29.06,世新大學,新聞,新聞學及圖書資訊學門,exact
2510,世新大學,廣播電視電影學系廣播與聲音設計組,英x2.00 國x2.00 歷x1.00 公x1.00,37,170.0,500.0,34.0,28.67,世新大學,廣播電視電影學系廣播與聲音設計組,藝術學門,keyword
2511,世新大學,廣播電視電影學系電視組,英x2.00 國x2.00 歷x1.00 公x1.00,50,174.0,500.0,34.8,30.47,世新大學,廣播電視電影學系電視組,藝術學門,keyword
2512,世新大學,廣播電視電影學系電影組,英x2.00 國x2.00 歷x1.00 公x1.00,53,184.0,500.0,36.8,36.6,世新大學,廣播電視電影學系電影組,藝術學門,keyword
2513,世新大學,圖文傳播學系,英x1.50 國x2.00 公x2.00,39,154.5,462.5,33.41,27.0,世新大學,圖文傳播,新聞學及圖書資訊學門,loose
2514,世新大學,公共關係暨廣告學系,國x2.00 歷x2.00 公x1.75,60,192.0,525.0,36.57,35.81,世新大學,公共關係暨廣告,商業及管理學門,exact
2515,世新大學,口語傳播暨社群媒體學系,國x2.00 社x1.00 公x1.00,30,131.0,325.0,40.31,46.5,世新大學,口語傳播暨社群媒體,藝術學門,keyword
2516,世新大學,資訊傳播學系,國x1.50 英x1.00 公x2.00,45,118.5,387.5,30.58,19.33,世新大學,資訊傳播,新聞學及圖書資訊學門,exact
2517,世新大學,數位多媒體設計學系,國x2.00 英x1.50 公x1.00,59,116.0,362.5,32.0,22.71,世新大學,數位多媒體設計,藝術學門,exact
2520,世新大學,傳播管理學系,國x2.00 歷x2.00 公x1.00,58,157.0,450.0,34.89,30.95,世新大學,傳播管理,商業及管理學門,exact
2521,世新大學,資訊管理學系資訊管理組,國x1.75 公x2.00 英x1.50,37,131.75,443.75,29.69,17.04,世新大學,資訊管理學系資訊管理組,資訊通訊科技學門,keyword
2522,世新大學,資訊管理學系人工智慧暨科技傳播組,國x1.75 公x2.00 英x1.50,38,124.75,443.75,28.11,13.77,世新大學,資訊管理學系人工智慧暨科技傳播組,資訊通訊科技學門,keyword
2523,世新大學,財務金融學系,國x2.00 公x2.00 英x1.00,30,142.0,425.0,33.41,27.0,世新大學,財務金融,商業及管理學門,exact
2524,世新大學,行政管理學系,公x2.00 社x1.50 歷x1.00,39,134.5,412.5,32.61,24.46,世新大學,行政管理,商業及管理學門,exact
2525,世新大學,觀光學系餐旅經營管理組,歷x2.00 國x1.00 社x1.00,28,112.0,350.0,32.0,22.71,世新大學,觀光學系餐旅經營管理組,商業及管理學門,keyword
2526,世新大學,觀光學系旅遊暨休閒事業管理組,歷x2.00 國x1.00 社x1.00,30,114.0,350.0,32.57,24.29,世新大學,觀光學系旅遊暨休閒事業管理組,商業及管理學門,keyword
2527,世新大學,經濟學系,國x1.00 公x1.50 社x1.00,30,104.5,300.0,34.83,30.76,世新大學,經濟,社會及行為科學學門,exact
2530,世新大學,企業管理學系,公x2.00 國x1.00 英x1.00,35,105.0,350.0,30.0,18.14,世新大學,企業管理,商業及管理學門,exact
2531,世新大學,社會心理學系,國x2.00 英x2.00 公x1.50,34,164.0,450.0,36.44,35.44,世新大學,社會心理,社會及行為科學學門,exact
2532,世新大學,英語暨傳播應用學系,英x2.00 國x1.50 歷x1.00,34,100.0,362.5,27.59,12.7,世新大學,英語暨傳播應用,語文學門,keyword
2533,世新大學,日本語文學系,國x2.00 歷x1.00 英x1.50,52,119.5,362.5,32.97,25.42,世新大學,日本語文,語文學門,exact
2534,世新大學,法律學系,國x1.00 英x1.00 公x1.00 歷x1.00,68,132.0,350.0,37.71,39.59,世新大學,法律,法律學門,exact
2535,實踐大學,食品營養與保健生技學系(臺北校區),國x1.00 自x1.00 化x1.00,13,96.0,250.0,38.4,41.14,實踐大學,食品營養與保健生技學系,,unmapped
2536,實踐大學,"食品營養與保健生技學系食品創新與科
技法律組(臺北校區)",國x1.00 化x1.00 英x1.00,8,83.0,250.0,33.2,26.41,實踐大學,食品營養與保健生技學系食品創新與科技法律組,法律學門,keyword
2537,實踐大學,社會工作學系(臺北校區),公x2.00 歷x2.00 國x1.00,23,150.0,475.0,31.58,21.59,實踐大學,社會工作學系,社會及行為科學學門,keyword
2540,實踐大學,家庭研究與兒童發展學系(臺北校區),國x1.00 社x1.00 公x1.00,7,98.0,250.0,39.2,43.76,實踐大學,家庭研究與兒童發展學系,,unmapped
2541,實踐大學,餐飲管理學系(臺北校區),國x1.00 英x1.00 歷x1.00,10,78.0,250.0,31.2,20.4,實踐大學,餐飲管理學系,商業及管理學門,keyword
2542,實踐大學,音樂學系(臺北校區),術x2.00 國x1.00 歷x1.00,3,202.8,175.0,115.89,99.77,實踐大學,音樂學系,藝術學門,keyword
2543,實踐大學,法律學系(臺北校區),國x1.50 公x1.00 英x1.00,15,120.5,287.5,41.91,50.93,實踐大學,法律學系,法律學門,keyword
2544,實踐大學,服裝設計學系(臺北校區),英x2.00 國x2.00 歷x1.00,22,155.0,400.0,38.75,42.44,實踐大學,服裝設計學系,藝術學門,keyword
2545,實踐大學,工業產品設計學系(臺北校區),英x2.00 國x1.00 歷x1.00,11,113.0,325.0,34.77,30.25,實踐大學,工業產品設計學系,藝術學門,keyword
2546,實踐大學,"媒體傳達設計學系動畫影像設計組(臺北
校區)",英x2.00 國x1.00 歷x1.00,10,125.0,325.0,38.46,41.42,實踐大學,媒體傳達設計學系動畫影像設計組(臺北校區),藝術學門,keyword
2547,實踐大學,"媒體傳達設計學系創意媒體設計組(臺北
校區)",英x2.00 國x1.00 歷x1.00,15,115.0,325.0,35.38,32.45,實踐大學,媒體傳達設計學系創意媒體設計組(臺北校區),藝術學門,keyword
2550,實踐大學,建築設計學系(臺北校區),英x2.00 國x2.00 歷x1.00,17,148.0,400.0,37.0,37.42,實踐大學,建築設計學系,建築及營建工程學門,keyword
2551,實踐大學,建築職人學士學位學程(臺北校區),國x2.00 社x1.00 地x1.00,27,115.0,325.0,35.38,32.45,實踐大學,建築職人學士學位學程,建築及營建工程學門,keyword
2552,實踐大學,會計學系(臺北校區),國x1.50 公x1.50 英x1.00,35,98.5,337.5,29.19,15.94,實踐大學,會計學系,商業及管理學門,keyword
2553,實踐大學,"國際經營與貿易學系國際貿易組(臺北校
區)",國x1.00 地x1.00 英x1.00,13,83.0,250.0,33.2,26.41,實踐大學,國際經營與貿易學系國際貿易組(臺北校區),商業及管理學門,keyword
2554,實踐大學,"國際經營與貿易學系國際企業組(臺北校
區)",國x1.00 公x1.00 英x1.00,12,75.0,250.0,30.0,18.14,實踐大學,國際經營與貿易學系國際企業組(臺北校區),商業及管理學門,keyword
2555,實踐大學,企業管理學系社會組(臺北校區),國x1.00 社x1.00 公x1.00,19,87.0,250.0,34.8,30.47,實踐大學,企業管理學系社會組,社會及行為科學學門,keyword
2556,實踐大學,企業管理學系自然組(臺北校區),國x1.00 自x1.00 化x1.00,10,86.0,250.0,34.4,29.46,實踐大學,企業管理學系自然組,商業及管理學門,keyword
2557,實踐大學,財務金融學系(臺北校區),英x1.00 國x1.00 公x1.00,22,76.0,250.0,30.4,18.88,實踐大學,財務金融學系,商業及管理學門,keyword
2560,實踐大學,"財務金融學系數位行銷設計組(臺北校
區)",英x1.00 國x1.00 歷x1.00,11,75.0,250.0,30.0,18.14,實踐大學,財務金融學系數位行銷設計組(臺北校區),藝術學門,keyword
2561,實踐大學,風險管理與保險學系(臺北校區),公x1.50 國x1.00 社x1.00,25,97.5,300.0,32.5,24.07,實踐大學,風險管理與保險學系,商業及管理學門,keyword
2562,實踐大學,應用外語學系(臺北校區),英x2.00 國x1.50 歷x1.00,23,106.0,362.5,29.24,16.14,實踐大學,應用外語學系,,unmapped
2563,實踐大學,"資訊科技與管理學系人工智慧與大數據
組(臺北校區)",國x1.00 自x1.00 物x1.00,12,89.0,250.0,35.6,33.15,實踐大學,資訊科技與管理學系人工智慧與大數據組,資訊通訊科技學門,keyword
2564,實踐大學,"資訊科技與管理學系數位媒體設計組(臺
北校區)",國x1.00 社x1.00 公x1.00,6,97.0,250.0,38.8,42.75,實踐大學,資訊科技與管理學系數位媒體設計組(臺北校區),資訊通訊科技學門,keyword
2565,實踐大學,"資訊科技與管理學系雲端運算與物聯網
組(臺北校區)",國x1.00 自x1.00 化x1.00,9,89.0,250.0,35.6,33.15,實踐大學,資訊科技與管理學系雲端運算與物聯網組,資訊通訊科技學門,keyword
2566,實踐大學,國際企業英語學士學位學程(臺北校區),公x2.00 國x1.50 英x1.00,12,106.0,387.5,27.35,12.33,實踐大學,國際企業英語學士學位學程,語文學門,keyword
2567,實踐大學,"智慧服務管理英語學士學位學程A組(臺
北校區)",英x1.00 公x1.00 國x1.00,8,62.0,250.0,24.8,8.32,實踐大學,智慧服務管理英語學士學位學程A組(臺北校區),語文學門,keyword
2570,實踐大學,"智慧服務管理英語學士學位學程B組(臺
北校區)",英x1.00 自x1.00 物x1.00,8,62.0,250.0,24.8,8.32,實踐大學,智慧服務管理英語學士學位學程B組(臺北校區),語文學門,keyword
2571,實踐大學,"東南亞智慧商務學士學位學程(高雄校
區)",國x1.00 社x1.00 自x1.50 歷x1.00 地x1.00,1,137.0,462.5,29.62,16.85,實踐大學,東南亞智慧商務學士學位學程(高雄校區),語文學門,keyword
2572,實踐大學,會計暨稅務學系財務金融組(高雄校區),國x2.00 社x2.00 公x1.00,6,119.0,400.0,29.75,17.38,實踐大學,會計暨稅務學系財務金融組,商業及管理學門,keyword
2573,實踐大學,會計暨稅務學系會計AI組(高雄校區),國x2.00 自x2.00 物x1.00,4,125.0,400.0,31.25,20.49,實踐大學,會計暨稅務學系會計AI組,商業及管理學門,keyword
2574,實踐大學,國際企業管理學系(高雄校區),國x1.50 社x1.00 歷x1.00,9,78.5,287.5,27.3,12.25,實踐大學,國際企業管理學系,商業及管理學門,keyword
2575,實踐大學,金融管理學系財務金融組(高雄校區),公x1.00 國x1.00 英x1.00,6,72.0,250.0,28.8,15.18,實踐大學,金融管理學系財務金融組,商業及管理學門,keyword
2576,實踐大學,"資訊管理學系人工智慧與雲端應用組(高
雄校區)",自x1.75 物x1.50 國x1.00,27,94.5,356.25,26.53,10.58,實踐大學,資訊管理學系人工智慧與雲端應用組(高雄校區),資訊通訊科技學門,keyword
2577,實踐大學,資訊管理學系物聯網應用組(高雄校區),自x1.75 化x1.50 國x1.00,26,89.25,356.25,25.05,8.52,實踐大學,資訊管理學系物聯網應用組,資訊通訊科技學門,keyword
2600,實踐大學,"資訊科技與通訊學系智慧機器人與無人
機組(高雄校區)",國x1.25 物x1.25 英x1.00,23,71.5,293.75,24.34,7.51,實踐大學,資訊科技與通訊學系智慧機器人與無人機組,資訊通訊科技學門,keyword
2601,實踐大學,"資訊科技與通訊學系人工智慧物聯網組
(高雄校區)",國x1.25 化x1.25 英x1.00,19,71.0,293.75,24.17,6.88,實踐大學,資訊科技與通訊學系人工智慧物聯網組,資訊通訊科技學門,keyword
2602,實踐大學,視覺特效學士學位學程(高雄校區),國x1.25 物x1.25 英x1.00,10,50.25,293.75,17.11,0.56,實踐大學,視覺特效學士學位學程,藝術學門,keyword
2603,實踐大學,"觀光管理學系自然旅遊與運動觀光組(高
雄校區)",公x1.25 國x1.00 社x1.00,3,68.75,275.0,25.0,8.44,實踐大學,觀光管理學系自然旅遊與運動觀光組(高雄校區),商業及管理學門,keyword
2604,實踐大學,"休閒產業管理學系環境教育與休閒規劃
設計組(高雄校區)",國x1.50 自x2.00 物x1.00,6,80.0,362.5,22.07,4.51,實踐大學,休閒產業管理學系環境教育與休閒規劃設計組,環境學門,keyword
2605,實踐大學,"休閒產業管理學系遊憩運動企劃組(高雄
校區)",國x2.00 自x1.50 化x1.00,4,119.5,362.5,32.97,25.42,實踐大學,休閒產業管理學系遊憩運動企劃組(高雄校區),商業及管理學門,keyword
2606,實踐大學,"休閒產業管理學系精品咖啡烘培經營組
(高雄校區)",國x2.00 社x1.50 歷x1.00,1,108.0,362.5,29.79,17.55,實踐大學,休閒產業管理學系精品咖啡烘培經營組,商業及管理學門,keyword
2607,實踐大學,應用日文學系(高雄校區),國x2.00 英x2.00 公x1.00,12,85.0,400.0,21.25,3.05,實踐大學,應用日文學系,語文學門,keyword
2610,長榮大學,企業管理學系,英x1.00 歷x2.00 國x2.00,12,98.0,425.0,23.06,5.64,長榮大學,企業管理,商業及管理學門,exact
2611,長榮大學,國際企業學系,英x1.00 國x2.00 地x2.00,3,95.0,425.0,22.35,4.8,長榮大學,國際企業,商業及管理學門,exact
2612,長榮大學,會計資訊學系,公x2.00 國x1.50 英x1.00,6,76.5,387.5,19.74,1.75,長榮大學,會計資訊,商業及管理學門,exact
2613,長榮大學,航運管理學系,國x2.00 地x1.75 英x1.00,26,95.0,400.0,23.75,6.49,長榮大學,航運管理,運輸服務學門,exact
2614,長榮大學,土地管理與開發學系,公x1.00 國x2.00 地x2.00,3,98.0,450.0,21.78,3.78,長榮大學,土地管理與開發,建築及營建工程學門,exact
2615,長榮大學,財務金融學系,國x2.00 公x2.00 英x1.00,15,88.0,425.0,20.71,2.54,長榮大學,財務金融,商業及管理學門,exact
2616,長榮大學,觀光與餐飲管理學系,公x2.00 國x2.00 英x1.00,9,89.0,425.0,20.94,2.88,長榮大學,觀光與餐飲管理,餐旅及民生服務學門,exact
2617,長榮大學,醫務管理學系(社會組),公x2.00 英x1.50 國x2.00,6,99.5,462.5,21.51,3.47,長榮大學,醫務管理學系,社會及行為科學學門,keyword
2620,長榮大學,醫務管理學系(自然組),生x2.00 英x1.50 國x2.00,13,132.5,462.5,28.65,14.76,長榮大學,醫務管理學系,商業及管理學門,keyword
2621,長榮大學,生物科技學系,生x2.00 國x2.00 英x1.00,18,127.0,425.0,29.88,17.89,長榮大學,生物科技,生命科學學門,exact
2622,長榮大學,健康心理學系(自然組),英x2.00 生x2.00 國x1.50,12,152.0,462.5,32.86,24.94,長榮大學,健康心理學系,社會及行為科學學門,keyword
2623,長榮大學,健康心理學系(社會組),英x2.00 公x2.00 國x1.50,12,107.0,462.5,23.14,5.78,長榮大學,健康心理學系,社會及行為科學學門,keyword
2624,長榮大學,保健營養學系,生x2.00 化x1.50 國x2.00,18,136.0,500.0,27.2,11.88,長榮大學,保健營養,生命科學學門,exact
2625,長榮大學,護理學系,英x2.00 生x2.00 國x1.50,29,108.0,462.5,23.35,6.04,長榮大學,護理,醫藥衛生學門,exact
2626,長榮大學,職業安全與衛生學系(自然組),國x2.00 英x1.50 化x2.00,16,109.5,462.5,23.68,6.43,長榮大學,職業安全與衛生學系,,unmapped
2627,長榮大學,職業安全與衛生學系(社會組),國x2.00 英x1.50 歷x2.00,5,122.0,462.5,26.38,10.44,長榮大學,職業安全與衛生學系,社會及行為科學學門,keyword
2630,長榮大學,"食品安全衛生與檢驗學士學位學程(食品
安全管理組)",國x2.00 英x1.00 歷x2.00,2,103.0,425.0,24.24,7.08,長榮大學,食品安全衛生與檢驗學士學位學程(食品安全管理組),商業及管理學門,keyword
2631,長榮大學,"食品安全衛生與檢驗學士學位學程(食品
科技組)",國x2.00 英x1.00 化x2.00,5,114.0,425.0,26.82,11.17,長榮大學,食品安全衛生與檢驗學士學位學程(食品科技組),,unmapped
2632,長榮大學,"食品安全衛生與檢驗學士學位學程(食品
檢驗組)",國x2.00 英x1.00 生x2.00,11,119.0,425.0,28.0,13.54,長榮大學,食品安全衛生與檢驗學士學位學程(食品檢驗組),,unmapped
2633,長榮大學,消防安全學士學位學程(自然組),國x2.00 自x2.00 化x1.50,8,133.5,450.0,29.67,16.99,長榮大學,消防安全學士學位學程,,unmapped
2634,長榮大學,消防安全學士學位學程(社會組),國x2.00 社x2.00 公x1.50,5,126.0,450.0,28.0,13.54,長榮大學,消防安全學士學位學程,社會及行為科學學門,keyword
2635,長榮大學,綠能與環境資源學系(自然組),國x1.00 自x2.00 物x2.00,16,109.0,425.0,25.65,9.28,長榮大學,綠能與環境資源學系,環境學門,keyword
2636,長榮大學,綠能與環境資源學系(社會組),國x1.00 社x2.00 地x2.00,5,117.0,425.0,27.53,12.64,長榮大學,綠能與環境資源學系,環境學門,keyword
2637,長榮大學,營建工程安全學士學位學程,國x2.00 英x1.00 物x2.00,9,79.0,425.0,18.59,1.13,長榮大學,營建工程安全學士,建築及營建工程學門,keyword
2640,長榮大學,大眾傳播學系,國x2.00 歷x2.00 英x1.00,6,116.0,425.0,27.29,12.16,長榮大學,大眾傳播,新聞學及圖書資訊學門,exact
2641,長榮大學,翻譯學系,英x2.00 國x2.00 公x1.00,1,83.0,400.0,20.75,2.62,長榮大學,翻譯,語文學門,exact
2642,長榮大學,社會工作學系,國x1.50 公x2.00 社x1.00,6,85.5,387.5,22.06,4.46,長榮大學,社會工作,社會福利學門,exact
2643,長榮大學,應用日語學系,國x2.00 英x2.00 歷x1.00,10,86.0,400.0,21.5,3.39,長榮大學,應用日語,語文學門,exact
2644,長榮大學,運動競技學系,國x2.00 歷x2.00 英x1.00,5,111.0,425.0,26.12,9.93,長榮大學,運動競技,餐旅及民生服務學門,exact
2645,長榮大學,數位媒體設計學系數位媒體設計組,國x2.00 英x2.00 歷x1.00,9,79.0,400.0,19.75,1.81,長榮大學,數位媒體設計學系數位媒體設計組,藝術學門,keyword
2646,長榮大學,數位媒體設計學系互動設計組,國x2.00 英x2.00 公x1.00,5,83.0,400.0,20.75,2.62,長榮大學,數位媒體設計學系互動設計組,藝術學門,keyword
2647,長榮大學,資訊工程學系,數Bx1.00 國x2.00 物x2.00,40,118.0,425.0,27.76,13.12,長榮大學,資訊工程,資訊通訊科技學門,exact
2650,國立臺灣藝術大學,美術學系,術x2.00 英x2.00 國x2.00 歷x1.00 地x1.00,14,376.4,500.0,75.28,98.19,國立台灣藝術大學,美術,藝術學門,exact
2651,國立臺灣藝術大學,書畫藝術學系,術x2.00 國x1.00 英x1.00 歷x1.00,15,258.5,250.0,103.4,99.72,國立台灣藝術大學,書畫藝術,藝術學門,exact
2652,國立臺灣藝術大學,雕塑學系(男),術x2.00 國x2.00 英x1.50 歷x1.00,9,301.6,362.5,83.2,98.48,國立台灣藝術大學,雕塑,藝術學門,exact
2653,國立臺灣藝術大學,雕塑學系(女),術x2.00 國x2.00 英x1.50 歷x1.00,8,308.6,362.5,85.13,98.65,國立台灣藝術大學,雕塑,藝術學門,exact
2654,國立臺灣藝術大學,古蹟藝術修護學系,國x2.00 術x1.75 歷x1.50 英x1.00,28,276.18,375.0,73.65,98.02,國立台灣藝術大學,古蹟藝術修護,藝術學門,exact
2655,國立臺灣藝術大學,視覺傳達設計學系,術x2.00 國x2.00 英x2.00 歷x1.00,13,345.0,400.0,86.25,98.81,國立台灣藝術大學,視覺傳達設計,藝術學門,exact
2656,國立臺灣藝術大學,工藝設計學系,國x2.00 英x2.00 歷x1.00,18,216.0,400.0,54.0,81.91,國立台灣藝術大學,工藝設計,藝術學門,exact
2657,國立臺灣藝術大學,多媒體動畫藝術學系,術x2.00 國x2.00 英x2.00 歷x1.00,11,375.0,400.0,93.75,99.21,國立台灣藝術大學,多媒體動畫藝術,藝術學門,exact
2660,國立臺灣藝術大學,圖文傳播藝術學系,國x1.00 英x1.00 公x1.00 數Bx1.00,17,154.0,325.0,47.38,64.28,國立台灣藝術大學,圖文傳播藝術,新聞學及圖書資訊學門,exact
2661,國立臺灣藝術大學,廣播電視學系,國x1.50 英x1.50 公x1.00 歷x1.00,17,222.0,425.0,52.24,77.51,國立台灣藝術大學,廣播電視,新聞學及圖書資訊學門,exact
2662,國立臺灣藝術大學,電影學系,國x2.00 英x2.00 歷x1.00 公x1.00,22,256.0,500.0,51.2,74.63,國立台灣藝術大學,電影,藝術學門,exact
2663,國立臺灣藝術大學,戲劇學系(男),國x2.00 英x2.00 歷x1.00 地x1.00,9,225.0,500.0,45.0,59.23,國立台灣藝術大學,戲劇,藝術學門,exact
2664,國立臺灣藝術大學,戲劇學系(女),國x2.00 英x2.00 歷x1.00 地x1.00,8,265.0,500.0,53.0,79.71,國立台灣藝術大學,戲劇,藝術學門,exact
2665,國立臺灣藝術大學,音樂學系,術x2.00 英x1.00 國x1.00 歷x1.00,16,250.02,250.0,100.01,99.66,國立台灣藝術大學,音樂,藝術學門,exact
2666,國立暨南國際大學,中國語文學系,國x2.00 歷x1.75 社x1.00,18,146.75,400.0,36.69,36.12,國立暨南國際大學,中國語文,語文學門,exact
2667,國立暨南國際大學,外國語文學系,英x2.00 國x1.50 歷x1.00,22,116.0,362.5,32.0,22.71,國立暨南國際大學,外國語文,語文學門,exact
2670,國立暨南國際大學,社會政策與社會工作學系,國x1.25 社x1.50 英x1.00 公x1.00,12,157.0,381.25,41.18,48.76,國立暨南國際大學,社會政策與社會工作,社會福利學門,exact
2671,國立暨南國際大學,公共行政與政策學系,公x1.50 國x1.50 歷x1.00,23,152.0,362.5,41.93,51.02,國立暨南國際大學,公共行政與政策,商業及管理學門,exact
2672,國立暨南國際大學,歷史學系,歷x2.00 國x1.00 英x1.25,12,129.75,368.75,35.19,31.55,國立暨南國際大學,歷史,人文學門,exact
2673,國立暨南國際大學,東南亞學系,英x1.00 歷x1.00 公x1.00,19,62.0,275.0,22.55,4.97,國立暨南國際大學,東南亞,語文學門,keyword
2674,國立暨南國際大學,國際企業學系,英x1.50 數乙x1.50 國x1.00,21,105.0,337.5,31.11,20.26,國立暨南國際大學,國際企業,商業及管理學門,exact
2675,國立暨南國際大學,經濟學系,英x1.50 數乙x1.50 國x1.00,17,109.5,337.5,32.44,23.79,國立暨南國際大學,經濟,社會及行為科學學門,exact
2676,國立暨南國際大學,資訊管理學系,數Bx2.00 英x2.00 國x1.50 公x1.00,18,197.5,512.5,38.54,41.82,國立暨南國際大學,資訊管理,資訊通訊科技學門,exact
2677,國立暨南國際大學,財務金融學系,數乙x2.00 英x2.00 國x1.00 公x1.00,21,187.0,525.0,35.62,33.3,國立暨南國際大學,財務金融,商業及管理學門,exact
2700,國立暨南國際大學,觀光休閒與餐旅管理學系觀光休閒組,國x2.00 英x2.00 公x1.50,6,148.5,450.0,33.0,25.54,國立暨南國際大學,觀光休閒與餐旅管理學系觀光休閒組,商業及管理學門,keyword
2701,國立暨南國際大學,觀光休閒與餐旅管理學系餐旅管理組,國x2.00 英x2.00 歷x1.50,7,157.0,450.0,34.89,30.95,國立暨南國際大學,觀光休閒與餐旅管理學系餐旅管理組,商業及管理學門,keyword
2702,國立暨南國際大學,管理學院學士班,英x2.00 國x1.50 數乙x1.00,6,129.0,362.5,35.59,33.07,國立暨南國際大學,管理學院學士班,商業及管理學門,keyword
2703,國立暨南國際大學,國際文教與比較教育學系,英x2.00 國x1.00 公x1.00,13,96.0,325.0,29.54,16.56,國立暨南國際大學,國際文教與比較教育,教育學門,exact
2704,國立暨南國際大學,教育政策與行政學系,國x2.00 社x1.00 公x1.50,15,147.0,375.0,39.2,43.76,國立暨南國際大學,教育政策與行政,教育學門,exact
2705,國立暨南國際大學,"諮商心理與人力資源發展學系諮商心理
組",英x1.50 數乙x1.00 國x1.50 公x1.00,6,175.5,425.0,41.29,49.18,國立暨南國際大學,諮商心理與人力資源發展學系諮商心理組,社會及行為科學學門,keyword
2706,國立暨南國際大學,"諮商心理與人力資源發展學系終身學習
與人力資源發展組",英x1.50 國x1.50 公x1.00,5,144.5,325.0,44.46,57.53,國立暨南國際大學,諮商心理與人力資源發展學系終身學習與人力資源發展組,社會及行為科學學門,keyword
2707,國立暨南國際大學,教育學院學士班教育科技與數位學習組,國x2.00 公x2.00 數乙x1.00,1,197.0,450.0,43.78,55.22,國立暨南國際大學,教育學院學士班教育科技與數位學習組,教育學門,keyword
2710,國立暨南國際大學,教育學院學士班教育心理與輔導組,國x2.00 公x2.00 數乙x1.00,2,185.0,450.0,41.11,48.7,國立暨南國際大學,教育學院學士班教育心理與輔導組,教育學門,keyword
2711,國立暨南國際大學,資訊工程學系,數甲x1.50 英x1.00 國x1.00,19,128.5,300.0,42.83,52.77,國立暨南國際大學,資訊工程,資訊通訊科技學門,exact
2712,國立暨南國際大學,土木工程學系,數Ax2.00 物x2.00 自x1.75 英x1.00,23,199.0,556.25,35.78,33.63,國立暨南國際大學,土木工程,建築及營建工程學門,exact
2713,國立暨南國際大學,電機工程學系甲組,物x1.00 化x1.00 英x1.00 數Ax1.00 數甲x1.00,9,190.0,450.0,42.22,51.69,國立暨南國際大學,電機工程學系甲組,工程及工程業學門,keyword
2714,國立暨南國際大學,電機工程學系乙組,物x2.00 化x1.00 英x1.00 國x1.00,10,201.0,450.0,44.67,58.27,國立暨南國際大學,電機工程學系乙組,工程及工程業學門,keyword
2715,國立暨南國際大學,電機工程學系丙組,英x2.00 物x1.00 化x1.00 國x1.00,10,205.0,425.0,48.24,66.59,國立暨南國際大學,電機工程學系丙組,工程及工程業學門,keyword
2716,國立暨南國際大學,應用化學系,英x2.00 化x2.00 數Ax1.00 數甲x1.00,18,186.0,525.0,35.43,32.73,國立暨南國際大學,應用化,物理、化學及地球科學學門,exact
2717,國立暨南國際大學,應用材料及光電工程學系,數Ax1.00 物x2.00 英x2.00 數甲x1.00,25,189.0,525.0,36.0,34.37,國立暨南國際大學,應用材料及光電工程,工程及工程業學門,exact
2720,國立暨南國際大學,科技學院學士班,數Ax2.00 物x2.00 自x1.75 英x1.00,8,230.75,556.25,41.48,49.83,國立暨南國際大學,科技學院學士班,,unmapped
2721,國立暨南國際大學,護理學系,生x1.00 英x1.50 國x1.50,16,130.5,325.0,40.15,46.05,國立暨南國際大學,護理,醫藥衛生學門,loose
2722,南華大學,財務金融學系,國x2.00 英x1.75 歷x2.00,7,133.25,481.25,27.69,12.9,南華大學,財務金融,商業及管理學門,exact
2723,南華大學,企業管理學系,國x2.00 英x2.00 公x1.75,14,92.25,475.0,19.42,1.64,南華大學,企業管理,商業及管理學門,exact
2724,南華大學,文化創意事業管理學系,歷x1.75 國x2.00 英x1.75,3,103.75,456.25,22.74,5.25,南華大學,文化創意事業管理,商業及管理學門,exact
2725,南華大學,旅遊管理學系AI智慧觀光暨餐旅組,國x2.00 社x2.00 歷x1.75,1,192.75,475.0,40.58,47.18,南華大學,旅遊管理學系AI智慧觀光暨餐旅組,商業及管理學門,keyword
2726,南華大學,管理學院國際企業學士學位學程,英x2.00 國x2.00 公x1.75,1,160.25,475.0,33.74,28.1,南華大學,管理學院國際企業學士,商業及管理學門,keyword
2727,南華大學,生死學系社會工作組,國x2.00 社x2.00 公x1.75,3,127.75,475.0,26.89,11.26,南華大學,生死學系社會工作組,社會及行為科學學門,keyword
2730,南華大學,生死學系殯葬服務組,國x2.00 社x2.00 公x1.75,8,142.0,475.0,29.89,17.95,南華大學,生死學系殯葬服務組,,unmapped
2731,南華大學,生死學系諮商組,國x2.00 社x2.00 公x1.75,2,128.75,475.0,27.11,11.57,南華大學,生死學系諮商組,,unmapped
2732,南華大學,幼兒教育學系,國x2.00 社x2.00 公x1.00,8,105.0,400.0,26.25,10.16,南華大學,幼兒教育,教育學門,exact
2733,南華大學,文學系,國x2.00 歷x2.00 公x1.75,3,127.75,525.0,24.33,7.42,南華大學,文,語文學門,exact
2734,南華大學,外國語文學系,英x2.00 國x2.00 歷x1.75,2,104.25,475.0,21.95,4.09,南華大學,外國語文,語文學門,exact
2735,南華大學,應用社會學系社會學組,國x2.00 歷x1.75 英x2.00,1,186.75,475.0,39.32,44.02,南華大學,應用社會學系社會學組,社會及行為科學學門,keyword
2736,南華大學,應用社會學系社會工作組,國x2.00 歷x1.75 英x2.00,3,98.0,475.0,20.63,2.48,南華大學,應用社會學系社會工作組,社會及行為科學學門,keyword
2737,南華大學,傳播學系,國x2.00 社x2.00 歷x1.75,2,153.0,475.0,32.21,23.14,南華大學,傳播,新聞學及圖書資訊學門,exact
2740,南華大學,"國際事務與企業學系人工智慧與公共治
理組",公x2.00 國x1.75 歷x1.50,1,137.25,481.25,28.52,14.5,南華大學,國際事務與企業學系人工智慧與公共治理組,資訊通訊科技學門,keyword
2741,南華大學,建築學系社會組,國x2.00 英x2.00 地x1.75,1,172.25,475.0,36.26,35.05,南華大學,建築學系社會組,建築及營建工程學門,keyword
2742,南華大學,建築學系自然組,國x2.00 英x2.00 物x1.75,2,157.5,475.0,33.16,26.02,南華大學,建築學系自然組,建築及營建工程學門,keyword
2743,南華大學,資訊工程學系,自x2.00 國x1.50 物x1.00,21,120.0,362.5,33.1,25.73,南華大學,資訊工程,工程及工程業學門,exact
2744,南華大學,自然生物科技學系,生x2.00 自x1.75 國x2.00,8,166.25,481.25,34.55,29.63,南華大學,自然生物科技,生命科學學門,exact
2745,南華大學,資訊管理學系人工智慧組,物x2.00 自x2.00 國x1.75,7,137.5,481.25,28.57,14.62,南華大學,資訊管理學系人工智慧組,資訊通訊科技學門,keyword
2746,南華大學,資訊管理學系大數據分析組,公x2.00 社x2.00 國x1.75,4,117.5,481.25,24.42,7.62,南華大學,資訊管理學系大數據分析組,資訊通訊科技學門,keyword
2747,國立臺灣體育運動大學,體育學系,術x2.00 生x2.00 英x1.00 化x1.00,21,239.12,375.0,63.77,97.35,國立台灣體育運動大學,體育,教育學門,exact
2750,國立臺灣體育運動大學,休閒運動學系,國x2.00 英x2.00 地x1.00,6,167.0,400.0,41.75,50.48,國立台灣體育運動大學,休閒運動,餐旅及民生服務學門,exact
2751,國立臺灣體育運動大學,運動事業管理學系,國x2.00 英x2.00 歷x1.00 地x1.00,17,189.0,500.0,37.8,39.73,國立台灣體育運動大學,運動事業管理,餐旅及民生服務學門,exact
2752,國立臺灣體育運動大學,運動健康科學學系,生x2.00 化x1.50 英x2.00,15,159.5,500.0,31.9,22.32,國立台灣體育運動大學,運動健康科學,餐旅及民生服務學門,exact
2753,國立臺灣體育運動大學,運動資訊與傳播學系,英x2.00 國x2.00 歷x1.75 地x1.00,6,230.75,575.0,40.13,45.94,國立台灣體育運動大學,運動資訊與傳播,餐旅及民生服務學門,exact
2754,國立臺南藝術大學,藝術史學系,歷x1.50 地x1.50 國x1.25 英x1.00,26,137.5,468.75,29.33,16.37,國立台南藝術大學,藝術史,藝術學門,exact
2755,國立臺南藝術大學,應用音樂學系,英x1.50 國x1.50 歷x1.00 地x1.00,12,153.0,425.0,36.0,34.37,國立台南藝術大學,應用音樂,藝術學門,exact
2756,國立臺南藝術大學,材質創作與設計系,英x1.50 術x2.00 國x1.50 歷x1.00,20,216.5,325.0,66.62,97.8,國立台南藝術大學,材質創作與設計,藝術學門,exact
2757,玄奘大學,社會工作學系,國x2.00 歷x2.00 地x1.75,0,,525.0,,,玄奘大學,社會工作,社會福利學門,exact
2760,玄奘大學,應用心理學系,國x2.00 歷x2.00 地x1.75,4,129.0,525.0,24.57,7.87,玄奘大學,應用心理,社會及行為科學學門,exact
2761,玄奘大學,法律學系,國x2.00 公x2.00 歷x1.75,4,122.0,525.0,23.24,5.93,玄奘大學,法律,法律學門,exact
2762,玄奘大學,大眾傳播學系,國x2.00 歷x2.00 公x1.75,1,140.5,525.0,26.76,10.78,玄奘大學,大眾傳播,新聞學及圖書資訊學門,exact
2763,玄奘大學,視覺傳達設計學系,國x2.00 地x1.75 歷x1.50,1,110.0,475.0,23.16,5.87,玄奘大學,視覺傳達設計,藝術學門,exact
2764,玄奘大學,應用日語學系,國x2.00 歷x2.00 地x1.75,2,127.25,525.0,24.24,7.08,玄奘大學,應用日語,語文學門,loose
2765,玄奘大學,餐旅管理學系,國x2.00 社x2.00 公x1.75,1,127.0,475.0,26.74,10.72,玄奘大學,餐旅管理,餐旅及民生服務學門,exact
2766,真理大學,企業管理學系,國x1.50 社x1.50 英x1.00 公x1.75,18,103.5,475.0,21.79,3.84,真理大學,企業管理,商業及管理學門,exact
2767,真理大學,法律學系法律應用實務組,國x2.00 公x2.00 歷x1.50,11,123.0,500.0,24.6,7.96,真理大學,法律學系法律應用實務組,法律學門,keyword
2770,真理大學,法律學系財經科技法律組,社x2.00 公x2.00 國x1.50,2,166.0,462.5,35.89,33.86,真理大學,法律學系財經科技法律組,法律學門,keyword
2771,真理大學,財務金融學系,社x2.00 歷x2.00 國x1.00,7,102.0,425.0,24.0,6.72,真理大學,財務金融,商業及管理學門,exact
2772,真理大學,國際經營與貿易學系,國x2.00 社x2.00 地x1.00,1,110.0,400.0,27.5,12.58,真理大學,國際經營與貿易,商業及管理學門,loose
2773,真理大學,經濟學系,歷x2.00 社x1.75 國x1.75,0,,462.5,,,真理大學,經濟,社會及行為科學學門,exact
2774,真理大學,觀光事業學系,地x2.00 國x1.00 英x1.00,12,67.0,350.0,19.14,1.52,真理大學,觀光事業,餐旅及民生服務學門,exact
2775,真理大學,運動管理學系,社x2.00 國x1.00 英x1.00 歷x1.00,18,92.0,400.0,23.0,5.45,真理大學,運動管理,餐旅及民生服務學門,exact
2776,真理大學,運動資訊傳播學系,社x2.00 國x1.75 歷x1.25,3,120.5,406.25,29.66,16.93,真理大學,運動資訊傳播,新聞學及圖書資訊學門,exact
2777,真理大學,人文與資訊學系,社x2.00 國x1.75 歷x1.50 公x1.00,7,127.25,531.25,23.95,6.6,真理大學,人文與資訊,人文學門,exact
3000,真理大學,應用日語學系,國x2.00 英x1.50 歷x1.50,17,89.0,412.5,21.58,3.56,真理大學,應用日語,語文學門,exact
3001,真理大學,音樂應用學系-音樂表演與創作組,英x1.50 國x2.00 公x1.00,3,77.0,362.5,21.24,2.99,真理大學,音樂應用學系-音樂表演與創作組,藝術學門,keyword
3002,真理大學,音樂應用學系-藝術行政與經紀組,英x1.50 國x2.00 歷x1.00,3,81.0,362.5,22.34,4.68,真理大學,音樂應用學系-藝術行政與經紀組,藝術學門,keyword
3003,真理大學,統計資訊與精算學系,數Bx2.00 國x2.00 公x1.00,9,73.0,400.0,18.25,0.85,真理大學,統計資訊與精算,資訊通訊科技學門,keyword
3004,真理大學,資訊工程學系人工智慧應用組,英x1.50 國x1.00 社x1.00 公x1.00,6,78.5,362.5,21.66,3.67,真理大學,資訊工程學系人工智慧應用組,資訊通訊科技學門,keyword
3005,真理大學,資訊工程學系多媒體遊戲設計組,歷x1.50 社x1.50 英x1.00 國x1.00,5,102.0,412.5,24.73,8.13,真理大學,資訊工程學系多媒體遊戲設計組,資訊通訊科技學門,keyword
3006,真理大學,航空事業學系,英x1.50 國x1.25 公x1.00,12,62.5,306.25,20.41,2.26,真理大學,航空事業,運輸服務學門,keyword
3007,國立臺北大學,法律學系法學組,國x1.50 英x1.50 數Bx1.50 公x1.00 歷x1.00,25,317.0,537.5,58.98,93.34,國立台北大學,法律學系法學組,法律學門,keyword
3010,國立臺北大學,法律學系司法組,國x1.50 英x1.50 數Bx1.50 公x1.00 歷x1.00,26,319.0,537.5,59.35,93.85,國立台北大學,法律學系司法組,法律學門,keyword
3011,國立臺北大學,法律學系財經法組,國x1.50 英x1.50 數Bx1.50 公x1.00 歷x1.00,39,322.0,537.5,59.91,94.72,國立台北大學,法律學系財經法組,法律學門,keyword
3012,國立臺北大學,企業管理學系,英x2.00 數乙x2.00 國x1.50 公x1.00,53,306.5,562.5,54.49,83.13,國立台北大學,企業管理,商業及管理學門,exact
3013,國立臺北大學,金融與合作經營學系,英x2.00 數乙x2.00 國x1.50 公x1.00,25,326.0,562.5,57.96,91.25,國立台北大學,金融與合作經營,商業及管理學門,exact
3014,國立臺北大學,會計學系,數乙x2.00 英x2.00 公x1.00 國x1.00,41,288.0,525.0,54.86,83.75,國立台北大學,會計,商業及管理學門,exact
3015,國立臺北大學,統計學系,數乙x2.00 英x1.75 國x1.50,24,257.75,443.75,58.08,91.34,國立台北大學,統計,數學及統計學門,exact
3016,國立臺北大學,休閒運動管理學系,英x2.00 數Bx2.00 國x1.50 公x1.00,11,271.5,512.5,52.98,79.63,國立台北大學,休閒運動管理,餐旅及民生服務學門,exact
3017,國立臺北大學,公共行政暨政策學系,公x2.00 社x1.50 國x1.50 英x1.00 數Bx1.00,66,320.5,575.0,55.74,85.84,國立台北大學,公共行政暨政策,商業及管理學門,exact
3020,國立臺北大學,財政學系,數乙x1.25 英x1.25 公x1.00 地x1.00,32,221.0,418.75,52.78,79.06,國立台北大學,財政,商業及管理學門,exact
3021,國立臺北大學,不動產與城鄉環境學系,英x1.50 數Bx1.50 地x1.00 國x1.00,25,224.0,400.0,56.0,86.51,國立台北大學,不動產與城鄉環境,商業及管理學門,exact
3022,國立臺北大學,經濟學系,數Ax2.00 英x1.50 國x1.00 公x1.00,52,231.0,437.5,52.8,79.2,國立台北大學,經濟,社會及行為科學學門,exact
3023,國立臺北大學,社會學系,英x1.50 數Bx1.00 國x1.00 公x1.00,15,194.5,362.5,53.66,81.15,國立台北大學,社會,社會及行為科學學門,exact
3024,國立臺北大學,社會工作學系,國x1.50 英x1.25 數Bx1.00 公x1.25 歷x1.00,12,261.0,506.25,51.56,75.73,國立台北大學,社會工作,社會福利學門,exact
3025,國立臺北大學,中國文學系,國x2.00 英x1.50 歷x1.25 地x1.00,22,257.25,487.5,52.77,79.01,國立台北大學,中國文,語文學門,exact
3026,國立臺北大學,應用外語學系,英x2.00 國x1.50 歷x1.00 地x1.00,33,252.5,462.5,54.59,83.35,國立台北大學,應用外語,語文學門,exact
3027,國立臺北大學,歷史學系,歷x1.50 國x1.25 英x1.25 地x1.00 公x1.00,16,276.25,537.5,51.4,75.17,國立台北大學,歷史,人文學門,exact
3030,國立臺北大學,資訊工程學系,數甲x1.50 英x1.25 物x1.25 化x1.00 國x1.00,22,264.0,543.75,48.55,67.04,國立台北大學,資訊工程,工程及工程業學門,exact
3031,國立臺北大學,通訊工程學系,數甲x1.00 物x1.00 英x1.00,9,134.0,275.0,48.73,67.75,國立台北大學,通訊工程,工程及工程業學門,exact
3032,國立臺北大學,電機工程學系,數甲x1.00 物x1.00 英x1.00 化x1.00 國x1.00,16,228.0,450.0,50.67,73.17,國立台北大學,電機工程,工程及工程業學門,exact
3033,國立嘉義大學,教育學系,國x1.50 英x1.50 數Bx1.50 歷x1.00 公x1.00,21,194.5,537.5,36.19,34.76,國立嘉義大學,教育,教育學門,exact
3034,國立嘉義大學,輔導與諮商學系,英x1.50 國x1.50 數Bx1.50 公x1.00,31,192.5,437.5,44.0,56.01,國立嘉義大學,輔導與諮商,社會及行為科學學門,exact
3035,國立嘉義大學,體育與健康休閒學系,國x1.00 英x1.00 公x1.00,6,91.0,250.0,36.4,35.33,國立嘉義大學,體育與健康休閒,餐旅及民生服務學門,exact
3036,國立嘉義大學,特殊教育學系,國x2.00 公x2.00 地x1.00,15,187.0,450.0,41.56,50.0,國立嘉義大學,特殊教育,教育學門,exact
3037,國立嘉義大學,幼兒教育學系,國x1.50 英x1.50 數Bx1.00 公x1.00,30,124.5,400.0,31.13,20.32,國立嘉義大學,幼兒教育,教育學門,exact
3040,國立嘉義大學,"數位學習設計與管理學系(媒體互動設計
組)",國x1.50 英x1.50 公x1.00,11,129.0,325.0,39.69,44.84,國立嘉義大學,數位學習設計與管理學系(媒體互動設計組),藝術學門,keyword
3041,國立嘉義大學,"數位學習設計與管理學系(資訊科技與管
理組)",國x1.50 英x1.50 物x1.00,11,140.5,325.0,43.23,53.89,國立嘉義大學,數位學習設計與管理學系(資訊科技與管理組),資訊通訊科技學門,keyword
3042,國立嘉義大學,中國文學系,國x2.00 歷x1.50 地x1.00,35,132.5,400.0,33.12,25.85,國立嘉義大學,中國文,語文學門,exact
3043,國立嘉義大學,視覺藝術學系,術x2.00 國x2.00 英x1.00 歷x1.00,18,227.0,325.0,69.85,97.91,國立嘉義大學,視覺藝術,藝術學門,exact
3044,國立嘉義大學,應用歷史學系,歷x1.50 國x1.25 地x1.25,38,132.25,368.75,35.86,33.78,國立嘉義大學,應用歷史,人文學門,exact
3045,國立嘉義大學,外國語言學系英語教學組,英x2.00 國x1.25 歷x1.00,30,100.75,343.75,29.31,16.25,國立嘉義大學,外國語言學系英語教學組,語文學門,keyword
3046,國立嘉義大學,外國語言學系應用外語組,英x2.00 國x1.50 歷x1.00,29,138.5,362.5,38.21,40.43,國立嘉義大學,外國語言學系應用外語組,,unmapped
3047,國立嘉義大學,音樂學系,術x2.00 國x1.00 英x1.00 歷x1.00,1,218.28,250.0,87.31,98.93,國立嘉義大學,音樂,藝術學門,exact
3050,國立嘉義大學,企業管理學系,英x1.00 國x1.00 公x1.00,36,101.0,250.0,40.4,46.87,國立嘉義大學,企業管理,商業及管理學門,exact
3051,國立嘉義大學,應用經濟學系,數乙x1.50 英x1.50 國x1.00 公x1.00,30,165.5,437.5,37.83,39.84,國立嘉義大學,應用經濟,社會及行為科學學門,exact
3052,國立嘉義大學,科技管理學系,英x2.00 國x1.50 公x1.00,26,136.0,362.5,37.52,38.97,國立嘉義大學,科技管理,商業及管理學門,loose
3053,國立嘉義大學,資訊管理學系(自然組),數甲x2.00 英x2.00 國x1.00,12,183.0,425.0,43.06,53.39,國立嘉義大學,資訊管理學系,資訊通訊科技學門,keyword
3054,國立嘉義大學,資訊管理學系(社會組),數Bx2.00 英x2.00 國x1.00 公x1.00,11,214.0,475.0,45.05,59.48,國立嘉義大學,資訊管理學系,資訊通訊科技學門,keyword
3055,國立嘉義大學,行銷與觀光管理學系,英x2.00 國x1.00 公x2.00 數乙x1.00,32,159.0,525.0,30.29,18.59,國立嘉義大學,行銷與觀光管理,商業及管理學門,exact
3056,國立嘉義大學,財務金融學系,數乙x2.00 英x2.00 國x1.50 公x1.00,34,247.0,562.5,43.91,55.59,國立嘉義大學,財務金融,商業及管理學門,exact
3057,國立嘉義大學,農藝學系,生x2.00 英x1.50 國x1.00,25,131.5,387.5,33.94,28.58,國立嘉義大學,農藝,農業學門,exact
3060,國立嘉義大學,園藝學系,生x2.00 英x1.50 國x1.00,16,130.0,387.5,33.55,27.45,國立嘉義大學,園藝,農業學門,exact
3061,國立嘉義大學,森林暨自然資源學系,生x2.00 英x1.50 國x1.00,22,133.0,387.5,34.32,29.29,國立嘉義大學,森林暨自然資源,林業學門,exact
3062,國立嘉義大學,木質材料與設計學系,物x1.50 化x2.00 英x1.50,19,130.5,462.5,28.22,14.08,國立嘉義大學,木質材料與設計,林業學門,exact
3063,國立嘉義大學,動物科學系,生x1.50 化x1.50 英x1.50 數Ax1.00 國x1.00,23,228.5,562.5,40.62,47.35,國立嘉義大學,動物科,農業學門,exact
3064,國立嘉義大學,農業生物科技學系,生x1.50 英x1.50 化x1.50 國x1.00,17,158.0,487.5,32.41,23.7,國立嘉義大學,農業生物科技,生命科學學門,keyword
3065,國立嘉義大學,景觀學系(社會組),地x1.50 國x1.00 英x1.00,13,114.0,300.0,38.0,40.07,國立嘉義大學,景觀學系,建築及營建工程學門,keyword
3066,國立嘉義大學,景觀學系(自然組),生x1.50 國x1.00 英x1.00,14,107.5,300.0,35.83,33.69,國立嘉義大學,景觀學系,建築及營建工程學門,keyword
3067,國立嘉義大學,植物醫學系,生x1.50 化x1.50 英x1.50 國x1.00,27,165.0,487.5,33.85,28.39,國立嘉義大學,植物醫,農業學門,exact
3070,國立嘉義大學,電子物理學系,物x1.00 數Ax1.00 英x1.00,24,109.0,250.0,43.6,54.71,國立嘉義大學,電子物理,物理、化學及地球科學學門,exact
3071,國立嘉義大學,應用化學系,化x1.50 英x1.00 數Ax1.00 國x1.00,33,166.0,375.0,44.27,57.11,國立嘉義大學,應用化,物理、化學及地球科學學門,exact
3072,國立嘉義大學,應用數學系,數甲x2.00 物x1.00 英x1.00,24,118.0,375.0,31.47,21.16,國立嘉義大學,應用數,數學及統計學門,exact
3073,國立嘉義大學,資訊工程學系,數Ax1.00 英x1.00 物x1.00 國x1.00,22,155.0,325.0,47.69,65.27,國立嘉義大學,資訊工程,資訊通訊科技學門,exact
3074,國立嘉義大學,生物機電工程學系,數Ax1.00 物x1.50 英x1.25 國x1.00,32,161.75,393.75,41.08,48.65,國立嘉義大學,生物機電工程,工程及工程業學門,exact
3075,國立嘉義大學,土木與水資源工程學系,物x1.00 數Ax1.00 英x1.00 國x1.00,28,124.0,325.0,38.15,40.32,國立嘉義大學,土木與水資源工程,建築及營建工程學門,exact
3076,國立嘉義大學,電機工程學系,數Ax1.00 物x1.00 英x1.00 國x1.00,41,158.0,325.0,48.62,67.21,國立嘉義大學,電機工程,工程及工程業學門,exact
3077,國立嘉義大學,機械與能源工程學系,數Ax1.00 物x2.00 英x1.00 國x1.00,33,176.0,425.0,41.41,49.69,國立嘉義大學,機械與能源工程,工程及工程業學門,exact
3100,國立嘉義大學,食品科學系,化x1.50 生x1.50 英x1.50 國x1.00,23,166.0,487.5,34.05,28.75,國立嘉義大學,食品科,製造及加工學門,exact
3101,國立嘉義大學,水生生物科學系,生x2.00 化x1.50 英x2.00 國x1.00,21,182.5,575.0,31.74,21.84,國立嘉義大學,水生生物科,生命科學學門,exact
3102,國立嘉義大學,生物資源學系,生x2.00 英x1.50 國x1.00,22,154.0,387.5,39.74,45.09,國立嘉義大學,生物資源,生命科學學門,exact
3103,國立嘉義大學,生化科技學系,生x1.50 化x1.50 英x1.50 國x1.00,27,186.5,487.5,38.26,40.52,國立嘉義大學,生化科技,生命科學學門,exact
3104,國立嘉義大學,微生物免疫與生物藥學系,生x1.75 化x1.75 英x1.50 國x1.00,32,211.0,537.5,39.26,43.85,國立嘉義大學,微生物免疫與生物藥,生命科學學門,exact
3105,國立嘉義大學,獸醫學系,英x1.25 生x1.25 化x1.25 數甲x1.00 國x1.00,21,285.75,518.75,55.08,84.09,國立嘉義大學,獸醫,獸醫學門,exact
3106,國立高雄大學,西洋語文學系,英x2.00 國x1.00 歷x1.00,20,150.0,325.0,46.15,61.91,國立高雄大學,西洋語文,語文學門,exact
3107,國立高雄大學,運動健康與休閒學系,國x2.00 英x1.00 公x1.00,24,136.0,325.0,41.85,50.82,國立高雄大學,運動健康與休閒,餐旅及民生服務學門,exact
3110,國立高雄大學,東亞語文學系日語組,國x2.00 英x2.00 歷x1.00 地x1.00,6,256.0,500.0,51.2,74.63,國立高雄大學,東亞語文學系日語組,語文學門,keyword
3111,國立高雄大學,東亞語文學系韓語組,國x2.00 英x2.00 歷x1.00 地x1.00,5,256.0,500.0,51.2,74.63,國立高雄大學,東亞語文學系韓語組,語文學門,keyword
3112,國立高雄大學,東亞語文學系越語組,國x2.00 英x2.00 歷x1.00 地x1.00,7,198.0,500.0,39.6,44.61,國立高雄大學,東亞語文學系越語組,語文學門,keyword
3113,國立高雄大學,工藝與創意設計學系,國x2.00 英x1.50 歷x2.00,14,209.5,462.5,45.3,60.05,國立高雄大學,工藝與創意設計,藝術學門,keyword
3114,國立高雄大學,建築學系,國x2.00 英x2.00 數甲x1.50 物x1.00,19,254.5,550.0,46.27,62.19,國立高雄大學,建築,建築及營建工程學門,loose
3115,國立高雄大學,法律學系,國x1.25 英x1.25 歷x1.00 公x1.00,42,202.75,387.5,52.32,77.82,國立高雄大學,法律,法律學門,exact
3116,國立高雄大學,政治法律學系,英x1.50 國x1.25 公x1.00 歷x1.00,22,212.0,406.25,52.18,77.09,國立高雄大學,政治法律,法律學門,exact
3117,國立高雄大學,財經法律學系,國x1.25 英x1.25 公x1.00,20,156.0,287.5,54.26,82.59,國立高雄大學,財經法律,法律學門,exact
3120,國立高雄大學,應用經濟學系,數乙x2.00 英x2.00 國x1.50 社x1.00,24,269.5,537.5,50.14,71.67,國立高雄大學,應用經濟,社會及行為科學學門,exact
3121,國立高雄大學,亞太工商管理學系企業管理組,英x1.25 數Bx1.25 公x1.00,17,129.0,287.5,44.87,58.78,國立高雄大學,亞太工商管理學系企業管理組,商業及管理學門,keyword
3122,國立高雄大學,亞太工商管理學系工業管理組,英x1.25 數Ax1.25 物x1.00,14,116.0,287.5,40.35,46.7,國立高雄大學,亞太工商管理學系工業管理組,商業及管理學門,keyword
3123,國立高雄大學,資訊管理學系,英x1.50 數乙x1.50 國x1.00,22,168.0,337.5,49.78,70.4,國立高雄大學,資訊管理,資訊通訊科技學門,exact
3124,國立高雄大學,財務金融學系,英x1.50 數乙x1.50 國x1.00 公x1.00,28,216.0,437.5,49.37,69.64,國立高雄大學,財務金融,商業及管理學門,loose
3125,國立高雄大學,應用數學系,數甲x2.00 國x1.50 英x1.00,26,167.0,387.5,43.1,53.58,國立高雄大學,應用數,數學及統計學門,exact
3126,國立高雄大學,應用化學系,化x2.00 數甲x1.00 物x1.00,20,164.0,400.0,41.0,48.36,國立高雄大學,應用化,物理、化學及地球科學學門,exact
3127,國立高雄大學,應用物理學系,物x2.00 數甲x1.50 英x1.00 國x1.00,24,214.0,500.0,42.8,52.54,國立高雄大學,應用物理,物理、化學及地球科學學門,exact
3130,國立高雄大學,生命科學系,生x1.50 化x1.50 英x1.25,21,144.75,393.75,36.76,36.31,國立高雄大學,生命科,生命科學學門,exact
3131,國立高雄大學,電機工程學系,數甲x1.50 物x1.50 英x1.50 化x1.00 國x1.00,42,267.0,587.5,45.45,60.27,國立高雄大學,電機工程,工程及工程業學門,exact
3132,國立高雄大學,土木與環境工程學系,數甲x2.00 物x1.50 化x1.50 英x1.00 國x1.00,27,248.0,650.0,38.15,40.32,國立高雄大學,土木與環境工程,建築及營建工程學門,exact
3133,國立高雄大學,化學工程及材料工程學系,化x1.50 物x1.25 英x1.25 數甲x1.00 國x1.00,17,252.75,543.75,46.48,62.53,國立高雄大學,化學工程及材料工程,工程及工程業學門,exact
3134,國立高雄大學,資訊工程學系,數甲x2.00 英x2.00 物x1.00 國x1.00,10,251.0,525.0,47.81,65.46,國立高雄大學,資訊工程,工程及工程業學門,exact
3135,慈濟大學,醫學系(自費),生x1.00 英x1.00 化x1.00 數甲x1.00 物x1.00,13,267.0,475.0,56.21,87.27,慈濟大學,醫,醫藥衛生學門,exact
3136,慈濟大學,醫學系(公費),生x1.00 英x1.00 化x1.00 數甲x1.00 物x1.00,3,264.0,475.0,55.58,85.33,慈濟大學,醫,醫藥衛生學門,exact
3137,慈濟大學,藥學系,化x1.25 生x1.25 英x1.00 國x1.00 數甲x1.00,12,284.0,500.0,56.8,88.97,慈濟大學,藥,醫藥衛生學門,loose
3140,慈濟大學,醫學檢驗生物技術學系,生x1.50 化x1.50 英x1.00,8,151.0,375.0,40.27,46.33,慈濟大學,醫學檢驗生物技術,醫藥衛生學門,exact
3141,慈濟大學,物理治療學系,英x2.00 生x1.00 自x1.00,6,192.0,325.0,59.08,93.48,慈濟大學,物理治療,醫藥衛生學門,exact
3142,慈濟大學,公共衛生學系,國x1.00 英x1.00 化x1.00,6,83.0,250.0,33.2,26.41,慈濟大學,公共衛生,醫藥衛生學門,exact
3143,慈濟大學,分子生物暨人類遺傳學系,生x2.00 英x2.00 國x1.00,10,148.0,425.0,34.82,30.64,慈濟大學,分子生物暨人類遺傳,生命科學學門,exact
3144,慈濟大學,醫學影像暨放射科學系,生x1.00 國x1.00 英x1.00,5,118.0,250.0,47.2,64.05,慈濟大學,醫學影像暨放射科,醫藥衛生學門,loose
3145,慈濟大學,護理學系,生x2.00 英x2.00 國x1.00,58,78.0,425.0,18.35,0.9,慈濟大學,護理,醫藥衛生學門,exact
3146,慈濟大學,醫學資訊學系,英x2.00 物x1.75 國x1.50,29,102.75,437.5,23.49,6.15,慈濟大學,醫學資訊,資訊通訊科技學門,exact
3147,慈濟大學,生物醫學暨工程學系,化x2.00 物x1.50 英x1.00,11,95.0,425.0,22.35,4.8,慈濟大學,生物醫學暨工程,醫藥衛生學門,keyword
3150,慈濟大學,傳播學系,國x2.00 英x1.00 公x1.00,2,93.0,325.0,28.62,14.67,慈濟大學,傳播,新聞學及圖書資訊學門,exact
3151,慈濟大學,兒童發展與家庭教育學系,國x2.00 公x2.00 英x1.50,5,105.5,462.5,22.81,5.36,慈濟大學,兒童發展與家庭教育,社會福利學門,exact
3152,慈濟大學,社會工作學系,社x1.50 公x1.50 國x1.00,4,90.5,337.5,26.81,11.12,慈濟大學,社會工作,社會福利學門,exact
3153,慈濟大學,人類發展與心理學系,國x2.00 英x1.50 公x1.50,5,141.0,412.5,34.18,29.01,慈濟大學,人類發展與心理,社會及行為科學學門,exact
3154,慈濟大學,東方語文學系,國x2.00 社x1.00 公x1.00,1,79.0,325.0,24.31,7.31,慈濟大學,東方語文,語文學門,exact
3155,慈濟大學,外國語文學系,英x2.00 國x1.50 公x1.00,1,101.0,362.5,27.86,13.32,慈濟大學,外國語文,語文學門,loose
3156,慈濟大學,資訊科技與管理學系,國x2.00 自x1.00 數甲x1.00,1,143.0,325.0,44.0,56.01,慈濟大學,資訊科技與管理,資訊通訊科技學門,loose
3157,慈濟大學,醫務暨健康管理學系,國x1.00 公x1.00 歷x1.00,0,,275.0,,,慈濟大學,醫務暨健康管理,商業及管理學門,keyword
3160,慈濟大學,經營管理學系,國x2.00 社x1.00 公x1.00,0,,325.0,,,慈濟大學,經營管理,商業及管理學門,loose
3161,慈濟大學,國際服務產業管理學士學位學程,英x2.00 國x1.00 公x1.00,0,,325.0,,,慈濟大學,國際服務產業管理學士,商業及管理學門,keyword
3162,臺北醫學大學,醫學系(自費),英x1.00 生x1.00 化x1.00 數甲x1.00 物x1.00,29,278.0,475.0,58.53,92.3,台北醫學大學,醫,醫藥衛生學門,loose
3163,臺北醫學大學,醫學系(公費),英x1.00 生x1.00 化x1.00 數甲x1.00 物x1.00,2,266.0,475.0,56.0,86.51,台北醫學大學,醫,醫藥衛生學門,loose
3164,臺北醫學大學,牙醫學系,英x1.00 生x1.00 化x1.00 物x1.00 數甲x1.00,19,276.0,475.0,58.11,91.42,台北醫學大學,牙醫,醫藥衛生學門,exact
3165,臺北醫學大學,藥學系藥學組,化x1.25 英x1.75 生x2.00 數甲x1.00 國x1.00,27,369.5,631.25,58.53,92.3,台北醫學大學,藥學系藥學組,醫藥衛生學門,keyword
3166,臺北醫學大學,藥學系臨床藥學組,英x1.75 化x1.25 生x2.00 數甲x1.00 國x1.00,13,371.75,631.25,58.89,92.97,台北醫學大學,藥學系臨床藥學組,醫藥衛生學門,keyword
3167,臺北醫學大學,醫學檢驗暨生物技術學系,生x1.50 英x1.50 化x1.50 國x1.00,21,273.0,487.5,56.0,86.51,台北醫學大學,醫學檢驗暨生物技術,醫藥衛生學門,exact
3170,臺北醫學大學,護理學系,生x1.50 英x1.50 國x1.00 數甲x1.00,14,219.5,437.5,50.17,71.9,台北醫學大學,護理,醫藥衛生學門,exact
3171,臺北醫學大學,保健營養學系,化x2.00 生x1.50 英x2.00 數甲x1.00,21,278.0,600.0,46.33,62.3,台北醫學大學,保健營養,生命科學學門,exact
3172,臺北醫學大學,公共衛生學系,英x1.25 化x1.00 生x1.00 數甲x1.00,18,172.5,393.75,43.81,55.36,台北醫學大學,公共衛生,醫藥衛生學門,exact
3173,臺北醫學大學,醫務管理學系,英x1.50 國x1.25 數Bx1.25 公x1.00,20,199.25,400.0,49.81,70.49,台北醫學大學,醫務管理,商業及管理學門,exact
3174,臺北醫學大學,呼吸治療學系,英x1.50 生x1.25 化x1.25,14,187.5,362.5,51.72,76.07,台北醫學大學,呼吸治療,醫藥衛生學門,exact
3175,臺北醫學大學,高齡健康暨長期照護學系,英x1.00 生x1.00 國x1.00,10,130.0,250.0,52.0,76.61,台北醫學大學,高齡健康暨長期照護,衛生及職業衛生服務學門,keyword
3176,臺北醫學大學,牙體技術學系,英x1.50 生x1.25 化x1.25 國x1.00,5,249.0,437.5,56.91,89.5,台北醫學大學,牙體技術,醫藥衛生學門,exact
3177,臺北醫學大學,口腔衛生學系,英x1.00 國x1.00 生x1.00,13,139.0,250.0,55.6,85.5,台北醫學大學,口腔衛生,醫藥衛生學門,exact
3200,臺北醫學大學,生物醫學工程學系,生x2.00 數Ax1.00 英x1.00,22,187.0,350.0,53.43,80.7,台北醫學大學,生物醫學工程,工程及工程業學門,loose
3201,臺北醫學大學,食品安全學系,英x1.50 化x1.50 數Ax1.00 生x1.50 國x1.00,6,274.5,562.5,48.8,68.09,台北醫學大學,食品安全,,unmapped
3202,康寧大學,嬰幼兒保育學系(台北校區),公x2.00 歷x1.00 地x1.00,7,103.0,400.0,25.75,9.51,康寧大學,嬰幼兒保育學系,,unmapped
3203,康寧大學,長期照護學系(台北校區),公x2.00 歷x1.00 地x1.00,5,100.0,400.0,25.0,8.44,康寧大學,長期照護學系,,unmapped
3204,佛光大學,建築環境設計學士學位學程(社會組),國x2.00 公x2.00 歷x1.75,1,162.5,525.0,30.95,20.09,佛光大學,建築環境設計學士學位學程,建築及營建工程學門,keyword
3205,佛光大學,建築環境設計學士學位學程(自然組),國x2.00 英x2.00 物x1.75,3,122.0,475.0,25.68,9.37,佛光大學,建築環境設計學士學位學程,建築及營建工程學門,keyword
3206,佛光大學,傳播學系(數位媒體與智能創作組),國x2.00 歷x2.00 英x1.75,0,,481.25,,,佛光大學,傳播學系,藝術學門,keyword
3207,佛光大學,傳播學系(廣告公關與精準行銷組),國x2.00 社x2.00 公x1.75,2,117.5,475.0,24.74,8.18,佛光大學,傳播學系,新聞學及圖書資訊學門,keyword
3210,佛光大學,傳播學系(流行音樂傳播與策展組),國x2.00 歷x2.00 公x1.75,0,,525.0,,,佛光大學,傳播學系,藝術學門,keyword
3211,佛光大學,資訊應用學系(資訊系統與AI應用組),國x2.00 英x1.00 物x2.00,11,81.0,425.0,19.06,1.41,佛光大學,資訊應用學系,資訊通訊科技學門,keyword
3212,佛光大學,資訊應用學系(動畫與視覺特效組),歷x2.00 地x1.75 公x2.00,2,187.25,575.0,32.57,24.29,佛光大學,資訊應用學系,資訊通訊科技學門,keyword
3213,佛光大學,資訊應用學系(數位遊戲開發組),國x2.00 化x1.00 物x2.00,11,99.0,450.0,22.0,4.26,佛光大學,資訊應用學系,資訊通訊科技學門,keyword
3214,佛光大學,資訊應用學系(虛擬製作與互動科技組),國x2.00 英x2.00 物x2.00 化x1.00,1,97.0,600.0,16.17,0.45,佛光大學,資訊應用學系,資訊通訊科技學門,keyword
3215,佛光大學,歷史學系,歷x2.00 地x2.00 社x1.75,2,140.25,531.25,26.4,10.5,佛光大學,歷史,人文學門,exact
3216,佛光大學,語文學系(應用英日語組),英x2.00 國x2.00 歷x1.75,2,115.75,475.0,24.37,7.56,佛光大學,語文學系,語文學門,keyword
3217,佛光大學,語文學系(應用英韓語組),英x2.00 國x2.00 公x1.75,0,,475.0,,,佛光大學,語文學系,語文學門,keyword
3220,佛光大學,語文學系(歷史與文化傳播組),歷x2.00 地x2.00 公x1.75,5,114.0,575.0,19.83,1.86,佛光大學,語文學系,人文學門,keyword
3221,佛光大學,社會學暨社會工作學系,國x2.00 社x2.00 公x1.75,3,127.25,475.0,26.79,10.89,佛光大學,社會學暨社會工作,社會及行為科學學門,keyword
3222,佛光大學,心理學系,英x2.00 數乙x1.75 國x2.00,13,104.5,475.0,22.0,4.26,佛光大學,心理,社會及行為科學學門,exact
3223,佛光大學,公共行政與國際事務學系,社x2.00 公x2.00 歷x1.75,2,115.75,525.0,22.05,4.4,佛光大學,公共行政與國際事務,社會及行為科學學門,keyword
3224,佛光大學,管理學系,國x2.00 社x2.00 公x1.75,2,132.0,475.0,27.79,13.23,佛光大學,管理,商業及管理學門,exact
3225,佛光大學,應用經濟學系(財務金融組),公x2.00 歷x2.00 地x1.75,7,130.5,575.0,22.7,5.14,佛光大學,應用經濟學系,社會及行為科學學門,keyword
3226,佛光大學,應用經濟學系(國際商務組),公x2.00 社x2.00 國x1.75,1,142.5,481.25,29.61,16.76,佛光大學,應用經濟學系,社會及行為科學學門,keyword
3227,佛光大學,樂活產業學系,國x2.00 社x2.00 公x1.75,0,,475.0,,,佛光大學,樂活產業,,unmapped
3230,佛光大學,健康與創意蔬食產業學系,國x2.00 公x2.00 社x1.75,0,,481.25,,,佛光大學,健康與創意蔬食產業,衛生及職業衛生服務學門,keyword
3231,亞洲大學,"健康產業管理學系(跨領域高齡智慧照顧
組)",國x2.00 公x2.00 歷x1.00,4,162.0,450.0,36.0,34.37,亞洲大學,健康產業管理學系(跨領域高齡智慧照顧組),商業及管理學門,keyword
3232,亞洲大學,健康產業管理學系(醫療機構管理組),國x2.00 歷x2.00 英x1.00,8,145.0,425.0,34.12,28.87,亞洲大學,健康產業管理學系,商業及管理學門,keyword
3233,亞洲大學,食品營養與保健生技學系(食品營養組),國x2.00 英x2.00 生x1.00,9,186.0,400.0,46.5,62.58,亞洲大學,食品營養與保健生技學系,,unmapped
3234,亞洲大學,"食品營養與保健生技學系(藥用化粧品醫
美組)",英x2.00 國x2.00 化x1.00,12,155.0,400.0,38.75,42.44,亞洲大學,食品營養與保健生技學系(藥用化粧品醫美組),,unmapped
3235,亞洲大學,醫學檢驗暨生物技術學系(醫事檢驗組),生x2.00 英x1.00 化x1.00 國x2.00,13,232.0,525.0,44.19,56.6,亞洲大學,醫學檢驗暨生物技術學系,醫藥衛生學門,keyword
3236,亞洲大學,醫學檢驗暨生物技術學系(生物技術組),生x2.00 英x2.00 國x1.50,4,216.0,462.5,46.7,63.01,亞洲大學,醫學檢驗暨生物技術學系,醫藥衛生學門,keyword
3237,亞洲大學,心理學系(心理師研修組),英x2.00 國x2.00 生x1.00,12,190.0,400.0,47.5,64.76,亞洲大學,心理學系,社會及行為科學學門,keyword
3240,亞洲大學,心理學系(諮商與臨床心理組),英x2.00 國x2.00 公x1.00,6,177.0,400.0,44.25,57.05,亞洲大學,心理學系,醫藥衛生學門,keyword
3241,亞洲大學,心理學系(工商與社會心理組),英x2.00 國x2.00 歷x1.00,4,168.0,400.0,42.0,51.27,亞洲大學,心理學系,社會及行為科學學門,keyword
3242,亞洲大學,視光學系,英x1.50 生x1.50 國x2.00,7,191.5,412.5,46.42,62.44,亞洲大學,視光,醫藥衛生學門,loose
3243,亞洲大學,聽力暨語言治療學系,生x2.00 英x2.00 國x1.00,9,208.0,425.0,48.94,68.4,亞洲大學,聽力暨語言治療,醫藥衛生學門,loose
3244,亞洲大學,職能治療學系,英x2.00 生x2.00 國x1.00,8,209.0,425.0,49.18,69.24,亞洲大學,職能治療,醫藥衛生學門,loose
3245,亞洲大學,物理治療學系,英x2.00 生x2.00 國x1.00,7,234.0,425.0,55.06,84.03,亞洲大學,物理治療,醫藥衛生學門,loose
3246,亞洲大學,護理學系(國際護理組),英x2.00 國x2.00 數乙x1.50,12,145.5,450.0,32.33,23.53,亞洲大學,護理學系,醫藥衛生學門,keyword
3247,亞洲大學,護理學系(智慧護理組),英x1.50 國x2.00 公x2.00,3,189.5,462.5,40.97,48.31,亞洲大學,護理學系,醫藥衛生學門,keyword
3250,亞洲大學,護理學系(臨床照護組),英x1.50 國x2.00 化x2.00,17,164.0,462.5,35.46,32.79,亞洲大學,護理學系,醫藥衛生學門,keyword
3251,亞洲大學,長期照護學系,國x1.50 公x1.50 歷x1.00,22,95.5,362.5,26.34,10.38,亞洲大學,長期照護,醫藥衛生學門,loose
3252,亞洲大學,生物資訊與醫學工程學系(生醫資訊組),英x1.00 化x2.00 國x2.00,5,170.0,425.0,40.0,45.65,亞洲大學,生物資訊與醫學工程學系,醫藥衛生學門,keyword
3253,亞洲大學,生物資訊與醫學工程學系(醫學工程組),英x1.00 物x2.00 國x2.00,8,163.0,425.0,38.35,40.97,亞洲大學,生物資訊與醫學工程學系,醫藥衛生學門,keyword
3254,亞洲大學,資訊工程學系(人工智慧與機器人組),國x2.00 數Ax1.00 物x1.00,11,132.0,325.0,40.62,47.35,亞洲大學,資訊工程學系,資訊通訊科技學門,keyword
3255,亞洲大學,資訊工程學系(半導體資訊組),英x1.00 數Ax2.00 物x2.00,12,135.0,425.0,31.76,22.01,亞洲大學,資訊工程學系,資訊通訊科技學門,keyword
3256,亞洲大學,人工智慧學系,英x1.00 國x2.00 歷x2.00,20,137.0,425.0,32.24,23.34,亞洲大學,人工智慧,資訊通訊科技學門,keyword
3257,亞洲大學,資訊傳播學系,國x2.00 英x1.00 歷x2.00,11,137.0,425.0,32.24,23.34,亞洲大學,資訊傳播,新聞學及圖書資訊學門,exact
3260,亞洲大學,經營管理學系(行銷與企業管理組),國x2.00 英x1.00 公x1.00,10,109.0,325.0,33.54,27.29,亞洲大學,經營管理學系,商業及管理學門,keyword
3261,亞洲大學,經營管理學系(休閒遊憩管理組),國x2.00 歷x1.00 英x1.00,8,107.0,325.0,32.92,25.2,亞洲大學,經營管理學系,商業及管理學門,keyword
3262,亞洲大學,會計與資訊學系,國x2.00 公x1.00 歷x1.00,20,116.0,350.0,33.14,25.93,亞洲大學,會計與資訊,商業及管理學門,exact
3263,亞洲大學,財務金融學系(智能投資組),國x2.00 社x1.00 公x1.00,15,122.0,325.0,37.54,39.08,亞洲大學,財務金融學系,商業及管理學門,keyword
3264,亞洲大學,財務金融學系(金融科技組),國x2.00 英x1.00 公x1.00,10,112.0,325.0,34.46,29.51,亞洲大學,財務金融學系,商業及管理學門,keyword
3265,亞洲大學,財經法律學系,公x2.00 國x2.00 歷x1.00,18,159.0,450.0,35.33,32.17,亞洲大學,財經法律,法律學門,exact
3266,亞洲大學,社會工作學系(兒少與家庭社工組),國x2.00 公x2.00 英x1.00,20,121.0,425.0,28.47,14.45,亞洲大學,社會工作學系,社會及行為科學學門,keyword
3267,亞洲大學,社會工作學系(醫務與心衛社工組),國x2.00 歷x2.00 英x1.00,16,128.0,425.0,30.12,18.4,亞洲大學,社會工作學系,社會及行為科學學門,keyword
3270,亞洲大學,幼兒教育學系(師資培育學系),國x2.00 歷x1.00 英x1.00,4,107.0,325.0,32.92,25.2,亞洲大學,幼兒教育學系,教育學門,keyword
3271,亞洲大學,數位媒體設計學系(動漫遊戲組),國x2.00 英x1.00 歷x2.00,8,154.0,425.0,36.24,34.9,亞洲大學,數位媒體設計學系,藝術學門,keyword
3272,亞洲大學,數位媒體設計學系(視覺傳達組),國x2.00 英x1.00 公x2.00,7,138.0,425.0,32.47,23.93,亞洲大學,數位媒體設計學系,藝術學門,keyword
3273,亞洲大學,創意商品設計學系,國x2.00 英x1.00 公x2.00,19,116.0,425.0,27.29,12.16,亞洲大學,創意商品設計,藝術學門,exact
3274,亞洲大學,時尚設計學系,國x2.00 英x1.00 公x2.00,13,118.0,425.0,27.76,13.12,亞洲大學,時尚設計,藝術學門,exact
3275,亞洲大學,室內設計學系(商業空間組),歷x2.00 英x1.50 地x1.00,4,133.5,412.5,32.36,23.59,亞洲大學,室內設計學系,藝術學門,keyword
3276,亞洲大學,室內設計學系(住宅空間組),歷x2.00 英x1.50 國x1.00,6,131.5,387.5,33.94,28.58,亞洲大學,室內設計學系,藝術學門,keyword
3277,國立宜蘭大學,外國語文學系,英x2.00 國x1.50 歷x1.00,8,126.0,362.5,34.76,30.14,國立宜蘭大學,外國語文,語文學門,exact
3300,國立宜蘭大學,應用經濟與管理學系,英x1.50 公x1.50 國x1.00 數Bx1.00,27,131.0,412.5,31.76,22.01,國立宜蘭大學,應用經濟與管理,商業及管理學門,exact
3301,國立宜蘭大學,休閒產業與健康促進學系,英x1.50 國x1.00 地x2.00,13,128.0,387.5,33.03,25.62,國立宜蘭大學,休閒產業與健康促進,餐旅及民生服務學門,exact
3302,國立宜蘭大學,土木工程學系,物x2.00 國x1.50 數甲x1.00,17,135.5,412.5,32.85,24.83,國立宜蘭大學,土木工程,建築及營建工程學門,exact
3303,國立宜蘭大學,機械與機電工程學系,數甲x1.00 物x1.50 英x1.00 國x1.00,9,143.0,400.0,35.75,33.58,國立宜蘭大學,機械與機電工程,工程及工程業學門,exact
3304,國立宜蘭大學,化學工程與材料工程學系,數甲x1.50 化x1.50 物x1.50 英x1.00,15,161.5,525.0,30.76,19.72,國立宜蘭大學,化學工程與材料工程,工程及工程業學門,exact
3305,國立宜蘭大學,環境工程學系,數甲x1.00 國x2.00 英x1.00 化x2.00,13,185.0,525.0,35.24,31.94,國立宜蘭大學,環境工程,工程及工程業學門,exact
3306,國立宜蘭大學,生物機電工程學系,數甲x1.00 物x1.00 英x1.00 國x1.00,9,126.0,350.0,36.0,34.37,國立宜蘭大學,生物機電工程,工程及工程業學門,exact
3307,國立宜蘭大學,食品科學系,化x2.00 自x2.00 英x1.00 國x1.00,19,184.0,500.0,36.8,36.6,國立宜蘭大學,食品科,製造及加工學門,exact
3310,國立宜蘭大學,生物技術與動物科學系,生x2.00 英x1.00 化x1.00 國x1.00,26,146.0,450.0,32.44,23.79,國立宜蘭大學,生物技術與動物科,農業學門,exact
3311,國立宜蘭大學,森林暨自然資源學系,生x1.50 化x1.00 國x1.50,8,127.0,362.5,35.03,31.24,國立宜蘭大學,森林暨自然資源,林業學門,exact
3312,國立宜蘭大學,園藝學系,化x2.00 自x1.00 國x1.00,12,114.0,350.0,32.57,24.29,國立宜蘭大學,園藝,農業學門,exact
3313,國立宜蘭大學,電機工程學系,數甲x2.00 物x1.00 英x1.00 國x1.00,25,173.0,450.0,38.44,41.31,國立宜蘭大學,電機工程,工程及工程業學門,exact
3314,國立宜蘭大學,電子工程學系,數甲x1.50 物x1.50 英x1.00 國x1.00,15,166.0,450.0,36.89,36.94,國立宜蘭大學,電子工程,工程及工程業學門,exact
3315,國立宜蘭大學,資訊工程學系,數甲x1.00 物x1.00 英x1.50 國x1.00,11,161.5,387.5,41.68,50.4,國立宜蘭大學,資訊工程,工程及工程業學門,exact
3316,國立聯合大學,機械工程學系,數Ax2.00 物x2.00 國x1.00,36,144.0,425.0,33.88,28.5,國立聯合大學,機械工程,工程及工程業學門,exact
3317,國立聯合大學,化學工程學系,數Ax2.00 化x2.00 物x2.00 國x1.00,19,208.0,625.0,33.28,26.69,國立聯合大學,化學工程,工程及工程業學門,exact
3320,國立聯合大學,材料科學工程學系,物x1.00 化x1.00 數Ax1.00 英x1.00 國x1.00,15,153.0,425.0,36.0,34.37,國立聯合大學,材料科學工程,工程及工程業學門,exact
3321,國立聯合大學,環境與安全衛生工程學系,化x1.50 國x1.00 數Ax1.00,21,99.5,300.0,33.17,26.07,國立聯合大學,環境與安全衛生工程,工程及工程業學門,exact
3322,國立聯合大學,土木與防災工程學系,數Ax1.50 物x1.50 國x1.00,9,111.0,337.5,32.89,25.06,國立聯合大學,土木與防災工程,建築及營建工程學門,exact
3323,國立聯合大學,能源工程學系,數Ax1.00 物x1.00 化x1.00,10,79.0,275.0,28.73,14.9,國立聯合大學,能源工程,工程及工程業學門,exact
3324,國立聯合大學,建築學系,國x2.00 英x1.50 物x1.00,24,140.5,362.5,38.76,42.58,國立聯合大學,建築,建築及營建工程學門,exact
3325,國立聯合大學,工業設計學系,國x2.00 英x2.00 數Bx1.00 公x1.00,15,144.0,475.0,30.32,18.74,國立聯合大學,工業設計,藝術學門,exact
3326,國立聯合大學,電機工程學系,數甲x1.50 物x1.50 英x1.00,43,118.0,375.0,31.47,21.16,國立聯合大學,電機工程,工程及工程業學門,exact
3327,國立聯合大學,電子工程學系(甲組),數Ax2.00 英x1.00 物x1.50 國x1.50,18,191.5,487.5,39.28,43.91,國立聯合大學,電子工程學系,工程及工程業學門,keyword
3330,國立聯合大學,電子工程學系(乙組),數Ax2.00 英x1.00 化x1.50 國x1.50,18,188.5,487.5,38.67,42.18,國立聯合大學,電子工程學系,工程及工程業學門,keyword
3331,國立聯合大學,光電工程學系,數甲x2.00 物x1.50 化x1.50 國x1.00,37,167.0,575.0,29.04,15.66,國立聯合大學,光電工程,工程及工程業學門,exact
3332,國立聯合大學,資訊工程學系,數甲x2.00 英x2.00 國x1.75,29,186.5,481.25,38.75,42.44,國立聯合大學,資訊工程,資訊通訊科技學門,exact
3333,國立聯合大學,經營管理學系,英x1.00 國x1.50 公x1.50 數乙x1.00,45,114.0,437.5,26.06,9.82,國立聯合大學,經營管理,商業及管理學門,exact
3334,國立聯合大學,財務金融學系,英x1.50 數Bx1.50 國x1.00 公x1.00,27,125.5,400.0,31.37,20.91,國立聯合大學,財務金融,商業及管理學門,exact
3335,國立聯合大學,資訊管理學系,數乙x2.00 國x2.00 英x1.75,20,174.25,481.25,36.21,34.82,國立聯合大學,資訊管理,資訊通訊科技學門,exact
3336,國立聯合大學,臺灣語文與傳播學系,國x2.00 英x2.00 歷x1.50,11,109.5,450.0,24.33,7.42,國立聯合大學,臺灣語文與傳播,語文學門,exact
3337,國立聯合大學,華語文學系,國x2.00 公x1.00 社x1.00,18,92.0,325.0,28.31,14.33,國立聯合大學,華語文,語文學門,exact
3340,國立聯合大學,文化觀光產業學系,國x2.00 英x2.00 歷x1.00,17,119.0,400.0,29.75,17.38,國立聯合大學,文化觀光產業,餐旅及民生服務學門,exact
3341,國立聯合大學,文化創意與數位行銷學系,國x2.00 英x1.00 歷x2.00,6,150.0,425.0,35.29,32.0,國立聯合大學,文化創意與數位行銷,商業及管理學門,keyword
3342,馬偕醫學院,醫學系,生x1.00 化x1.00 物x1.00 英x1.00 數甲x1.00,20,270.0,475.0,56.84,89.11,馬偕醫學院,醫,醫藥衛生學門,loose
3343,馬偕醫學院,護理學系,英x1.50 國x1.50 生x1.50 化x1.00,45,168.0,475.0,35.37,32.25,馬偕醫學院,護理,醫藥衛生學門,exact
3344,馬偕醫學院,聽力暨語言治療學系聽力組,英x1.50 物x1.50 生x1.50 國x1.00 數Ax1.00,25,220.0,562.5,39.11,43.68,馬偕醫學院,聽力暨語言治療學系聽力組,醫藥衛生學門,keyword
3345,馬偕醫學院,聽力暨語言治療學系語言組,英x1.25 國x1.25 生x1.50 物x1.00 數Ax1.00,15,232.0,512.5,45.27,59.93,馬偕醫學院,聽力暨語言治療學系語言組,醫藥衛生學門,keyword
3346,馬偕醫學院,視光學系,生x1.50 物x1.25 英x1.50 國x1.00,19,172.5,462.5,37.3,38.23,馬偕醫學院,視光,醫藥衛生學門,loose
3347,馬偕醫學院,醫學檢驗暨再生醫學學系,生x1.50 化x1.50 英x1.00 國x1.00,7,215.0,450.0,47.78,65.41,馬偕醫學院,醫學檢驗暨再生醫學,醫藥衛生學門,keyword
3350,國立金門大學,應用英語學系,英x2.00 國x2.00 歷x1.00,7,116.0,400.0,29.0,15.58,國立金門大學,應用英語,語文學門,exact
3351,國立金門大學,運動與休閒學系,國x2.00 歷x2.00 社x1.50,13,117.5,462.5,25.41,8.97,國立金門大學,運動與休閒,餐旅及民生服務學門,exact
3352,國立金門大學,企業管理學系,國x2.00 英x1.00 公x1.50,19,80.5,375.0,21.47,3.33,國立金門大學,企業管理,商業及管理學門,exact
3353,國立金門大學,電機工程學系,物x2.00 國x2.00 化x1.00,24,149.0,450.0,33.11,25.79,國立金門大學,電機工程,工程及工程業學門,loose
3354,國立金門大學,食品科學系(A組),自x1.00 生x1.00 化x1.00 國x2.00,13,146.0,425.0,34.35,29.37,國立金門大學,食品科,製造及加工學門,exact
3355,國立金門大學,食品科學系(B組),化x1.00 數乙x1.00 國x2.00,10,86.0,350.0,24.57,7.87,國立金門大學,食品科,製造及加工學門,exact
3356,國立金門大學,土木與工程管理學系,物x2.00 國x2.00 英x1.00,19,136.0,425.0,32.0,22.71,國立金門大學,土木與工程管理,建築及營建工程學門,exact
3357,國立金門大學,觀光管理學系,國x2.00 英x1.25 歷x1.50,7,85.25,393.75,21.65,3.61,國立金門大學,觀光管理,餐旅及民生服務學門,exact
3360,國立金門大學,資訊工程學系,數甲x2.00 自x2.00 國x1.00,24,143.0,425.0,33.65,27.91,國立金門大學,資訊工程,資訊通訊科技學門,exact
3361,國立金門大學,建築學系,國x2.00 社x2.00 歷x1.75,20,133.25,475.0,28.05,13.71,國立金門大學,建築,建築及營建工程學門,exact
3362,國立金門大學,國際暨大陸事務學系,公x2.00 國x2.00 社x1.00,9,98.0,425.0,23.06,5.64,國立金門大學,國際暨大陸事務,社會及行為科學學門,exact
3363,國立金門大學,華語文學系,國x2.00 歷x1.00 英x1.00,1,129.0,325.0,39.69,44.84,國立金門大學,華語文,語文學門,exact
3364,國立金門大學,海洋與邊境管理學系,公x2.00 社x1.00 國x2.00,15,103.0,425.0,24.24,7.08,國立金門大學,海洋與邊境管理,法律學門,exact
3365,國立金門大學,工業工程與管理學系(管理科學組),國x2.00 英x1.00 公x1.00,5,79.0,325.0,24.31,7.31,國立金門大學,工業工程與管理學系,工程及工程業學門,keyword
3366,國立金門大學,工業工程與管理學系(智慧製造組),國x2.00 英x1.00 數乙x1.00,12,68.0,325.0,20.92,2.77,國立金門大學,工業工程與管理學系,工程及工程業學門,keyword
3367,國立金門大學,都市計畫與景觀學系,國x1.00 社x1.00 地x1.50,7,84.0,300.0,28.0,13.54,國立金門大學,都市計畫與景觀,建築及營建工程學門,exact
3370,國立金門大學,社會工作學系,公x2.00 社x1.25 國x1.00,8,97.0,368.75,26.31,10.27,國立金門大學,社會工作,社會福利學門,exact
3371,國立金門大學,長期照護學系,國x2.00 社x1.75 公x1.50,6,117.0,431.25,27.13,11.71,國立金門大學,長期照護,醫藥衛生學門,exact
3372,國立金門大學,護理學系(A組),國x2.00 生x1.50 英x1.00,8,118.0,375.0,31.47,21.16,國立金門大學,護理,醫藥衛生學門,exact
3373,國立金門大學,護理學系(B組),國x2.00 公x1.50 英x1.00,6,113.0,375.0,30.13,18.45,國立金門大學,護理,醫藥衛生學門,exact
